ID,protein probability,mRNA(M)
YDR444W,0.96,0.15
YHR213W,0.0,0.16
YLR465C,0.0,0.16
YDR543C,0.0,0.18
YCR038C,0.0,0.19
YJL221C,0.99,0.19
YIL055C,0.71,0.2
YGL175C,0.0,0.21
YCR091W,0.0,0.22
YER096W,0.94,0.22
YFL058W,0.0,0.22
YGL075C,0.0,0.22
YJL083W,0.59,0.22
YJR153W,0.0,0.22
YOL157C,0.0,0.22
YEL075C,0.0,0.23
YER189W,0.0,0.23
YIL160C,0.0,0.23
YFL056C,0.0,0.24
YCL068C,0.0,0.25
YFL065C,0.0,0.25
YFR022W,0.0,0.25
YOL161C,0.0,0.25
YDR369C,1.0,0.26
YDR403W,0.95,0.26
YIL172C,0.0,0.26
YJR155W,0.0,0.26
YLR156W,0.0,0.26
YLR464W,0.0,0.26
YBL080C,0.88,0.27
YFL064C,0.0,0.27
YGR110W,0.0,0.27
YPR202W,0.0,0.27
YIR039C,0.0,0.28
YJL103C,0.0,0.28
YLR054C,0.0,0.28
YBR297W,0.0,0.29
YER158C,0.96,0.29
YER188W,0.0,0.29
YFR017C,0.0,0.29
YGR287C,0.0,0.29
YIL028W,0.0,0.29
YJR053W,0.86,0.29
YJR154W,0.35,0.29
YKL224C,0.0,0.29
YOR156C,0.0,0.29
YEL076C,0.37,0.3
YGR088W,0.0,0.3
YIR030C,0.0,0.3
YLR462W,0.0,0.3
YER101C,0.51,0.31
YHR105W,0.0,0.31
YBR239C,0.0,0.32
YDL021W,0.0,0.32
YHR212C,0.0,0.32
YIR025W,0.0,0.32
YLR161W,0.0,0.32
YER179W,0.0,0.33
YFR029W,0.0,0.33
YGR058W,0.0,0.33
YHR011W,0.68,0.33
YIR042C,0.0,0.33
YMR154C,0.37,0.33
YDR254W,0.0,0.34
YDR263C,0.0,0.34
YER040W,0.0,0.34
YFL060C,0.0,0.34
YGL081W,0.43,0.34
YHR171W,0.94,0.34
YIL082W,0.0,0.34
YNL093W,0.0,0.34
YOR237W,0.0,0.34
YAR035W,0.0,0.35
YGR153W,0.0,0.35
YKL055C,0.0,0.35
YBL103C,0.0,0.36
YBR233W,0.9,0.36
YGR239C,0.0,0.36
YKL098W,0.0,0.36
YLL056C,0.24,0.36
YNL325C,0.0,0.36
YOR003W,0.0,0.36
YPR001W,0.0,0.36
YBR138C,0.0,0.37
YDL017W,0.0,0.37
YER015W,0.0,0.37
YFR021W,0.3,0.37
YHR035W,0.0,0.37
YIL061C,0.0,0.37
YJR156C,0.0,0.37
YMR204C,0.0,0.37
YMR213W,0.63,0.37
YDR043C,0.0,0.38
YER018C,0.0,0.38
YER084W,0.0,0.38
YGL194C,0.0,0.38
YGR006W,0.0,0.38
YKR019C,0.88,0.38
YLR431C,0.0,0.38
YML050W,0.0,0.38
YOL067C,0.0,0.38
YAR060C,0.0,0.39
YCL051W,0.65,0.39
YDR076W,0.0,0.39
YDR330W,0.0,0.39
YLR213C,0.0,0.39
YNL277W,0.0,0.39
YOL104C,0.0,0.39
YPR203W,0.0,0.39
YBR003W,0.61,0.4
YBR270C,0.0,0.4
YDL244W,0.0,0.4
YER041W,0.45,0.4
YGL003C,0.0,0.4
YGL144C,0.85,0.4
YHR006W,0.26,0.4
YIL003W,0.0,0.4
YIR009W,0.0,0.4
YKL095W,0.0,0.4
YKR097W,0.0,0.4
YML042W,0.36,0.4
YNL012W,0.83,0.4
YOR137C,0.72,0.4
YBL037W,0.0,0.41
YDL183C,0.0,0.41
YGR126W,0.0,0.41
YMR137C,0.6,0.41
YBR044C,0.0,0.42
YBR280C,0.0,0.42
YBR301W,0.0,0.42
YDR252W,0.0,0.42
YDR313C,0.0,0.42
YDR317W,0.46,0.42
YDR515W,0.0,0.42
YFL020C,0.0,0.42
YGL199C,0.39,0.42
YHL019C,0.98,0.42
YHR178W,0.37,0.42
YIL097W,0.35,0.42
YMR041C,0.0,0.42
YNR073C,0.64,0.42
YOL165C,0.0,0.42
YBL019W,0.93,0.43
YDL139C,0.0,0.43
YDR123C,0.0,0.43
YDR439W,0.67,0.43
YER097W,0.0,0.43
YER109C,0.0,0.43
YGL179C,0.8,0.43
YHL006C,0.0,0.43
YHR137W,0.0,0.43
YKL222C,0.0,0.43
YMR114C,0.57,0.43
YOR313C,0.0,0.43
YBR102C,0.0,0.44
YBR131W,0.0,0.44
YCR019W,0.0,0.44
YCR102C,0.0,0.44
YDR277C,0.0,0.44
YDR419W,0.55,0.44
YER170W,0.0,0.44
YFR008W,0.0,0.44
YGR068C,0.0,0.44
YIR007W,0.0,0.44
YJL100W,0.98,0.44
YJR146W,0.0,0.44
YKL162C,0.33,0.44
YLR394W,0.0,0.44
YMR007W,0.0,0.44
YOL066C,0.0,0.44
YOL164W,0.0,0.44
YPL249C,0.0,0.44
YAR053W,0.0,0.45
YAR068W,0.0,0.45
YDR109C,0.0,0.45
YDR499W,0.0,0.45
YGL064C,0.0,0.45
YGR154C,0.0,0.45
YIL001W,0.96,0.45
YIL024C,0.0,0.45
YIL073C,0.0,0.45
YJL141C,0.28,0.45
YKL218C,0.0,0.45
YKR101W,0.0,0.45
YLL058W,0.49,0.45
YML037C,0.0,0.45
YMR018W,0.0,0.45
YOR077W,0.21,0.45
YCR006C,0.39,0.46
YDR332W,1.0,0.46
YDR421W,0.0,0.46
YGL176C,0.49,0.46
YGR205W,0.0,0.46
YHR067W,0.0,0.46
YHR218W,0.0,0.46
YIR032C,0.0,0.46
YJR159W,0.86,0.46
YNL210W,0.0,0.46
YER121W,0.0,0.47
YHR054C,0.0,0.47
YJR107W,0.0,0.47
YKR098C,0.0,0.47
YLR313C,0.25,0.47
YMR053C,0.0,0.47
YNL171C,0.0,0.47
YNL314W,0.0,0.47
YNL317W,0.0,0.47
YOL135C,0.0,0.47
YOR005C,0.99,0.47
YOR284W,0.0,0.47
YOR380W,0.97,0.47
YPR068C,0.0,0.47
YBL010C,0.0,0.48
YER038C,0.0,0.48
YFR007W,0.0,0.48
YGL045W,0.26,0.48
YGR288W,0.0,0.48
YHR157W,0.0,0.48
YJL218W,0.0,0.48
YLR349W,0.0,0.48
YMR084W,0.32,0.48
YNL223W,0.37,0.48
YOR178C,0.89,0.48
YOR333C,0.0,0.48
YPL272C,0.64,0.48
YBL029W,0.0,0.49
YBL111C,0.0,0.49
YDR131C,0.0,0.49
YDR320C,0.0,0.49
YDR358W,0.94,0.49
YDR425W,0.0,0.49
YDR488C,1.0,0.49
YGL174W,0.0,0.49
YIL071C,0.0,0.49
YKL048C,0.0,0.49
YKL071W,0.72,0.49
YKL208W,0.0,0.49
YLR121C,0.0,0.49
YMR016C,0.67,0.49
YMR156C,0.0,0.49
YOL141W,0.71,0.49
YOR113W,0.0,0.49
YAL061W,0.0,0.5
YCR027C,0.0,0.5
YDR446W,0.0,0.5
YDR495C,0.24,0.5
YER076C,0.0,0.5
YGL025C,0.0,0.5
YGL096W,0.0,0.5
YGL212W,0.0,0.5
YHL014C,0.25,0.5
YHR214W,0.0,0.5
YIL164C,0.24,0.5
YJL102W,0.47,0.5
YJR011C,0.27,0.5
YJR147W,0.82,0.5
YLL033W,0.0,0.5
YLR123C,0.0,0.5
YML068W,0.89,0.5
YOL113W,0.0,0.5
YOL114C,0.0,0.5
YPL113C,0.0,0.5
YPL222W,0.99,0.5
YBR060C,0.0,0.51
YGL197W,0.0,0.51
YGR099W,0.37,0.51
YGR179C,0.0,0.51
YHR176W,0.0,0.51
YJL149W,0.0,0.51
YJR149W,0.0,0.51
YKL132C,0.42,0.51
YLR176C,0.0,0.51
YML002W,0.0,0.51
YMR168C,0.56,0.51
YNL025C,0.0,0.51
YOR022C,0.97,0.51
YOR040W,0.0,0.51
YPL155C,0.0,0.51
YBL106C,0.0,0.52
YBR057C,0.93,0.52
YDR273W,0.0,0.52
YDR426C,0.0,0.52
YEL057C,0.0,0.52
YEL070W,0.0,0.52
YEL072W,0.0,0.52
YGL017W,0.0,0.52
YGL063W,0.0,0.52
YGR046W,0.52,0.52
YLR142W,0.0,0.52
YML054C,0.62,0.52
YMR265C,0.0,0.52
YPR111W,0.0,0.52
YCL049C,0.0,0.53
YCR099C,0.0,0.53
YDL025C,0.86,0.53
YDR185C,0.0,0.53
YEL049W,0.0,0.53
YGR104C,0.0,0.53
YGR122W,0.0,0.53
YHL010C,0.0,0.53
YJR039W,0.96,0.53
YMR180C,0.0,0.53
YMR210W,0.0,0.53
YNL293W,1.0,0.53
YOR070C,0.0,0.53
YBR047W,0.0,0.54
YBR114W,0.0,0.54
YBR203W,0.99,0.54
YBR227C,0.0,0.54
YDR173C,0.0,0.54
YDR386W,0.0,0.54
YGL143C,0.0,0.54
YGL251C,0.64,0.54
YGR169C,0.78,0.54
YJL106W,0.0,0.54
YKL161C,0.0,0.54
YLL002W,0.0,0.54
YMR048W,0.0,0.54
YPL151C,0.0,0.54
YPR049C,0.0,0.54
YBR020W,0.0,0.55
YBR237W,0.0,0.55
YDL146W,0.97,0.55
YDR240C,0.41,0.55
YFR013W,0.0,0.55
YGL052W,0.0,0.55
YGL229C,0.0,0.55
YGL261C,0.0,0.55
YGR003W,1.0,0.55
YHR184W,0.0,0.55
YHR209W,0.0,0.55
YKR017C,0.56,0.55
YKR077W,0.0,0.55
YKR104W,0.0,0.55
YLR453C,0.0,0.55
YMR085W,0.0,0.55
YOL154W,0.0,0.55
YOR025W,0.0,0.55
YOR111W,0.0,0.55
YDL129W,0.0,0.56
YDR422C,0.65,0.56
YER180C,0.0,0.56
YIL101C,0.44,0.56
YJL147C,0.21,0.56
YKL005C,0.7,0.56
YKR020W,0.0,0.56
YLR006C,1.0,0.56
YLR128W,0.0,0.56
YMR064W,0.0,0.56
YNL106C,0.99,0.56
YNR023W,0.97,0.56
YOL017W,0.92,0.56
YPL029W,0.42,0.56
YPL109C,0.0,0.56
YBR050C,0.0,0.57
YBR107C,0.0,0.57
YDR223W,0.3,0.57
YGL156W,0.0,0.57
YGR238C,0.72,0.57
YHR033W,0.0,0.57
YJR036C,0.99,0.57
YJR115W,0.0,0.57
YKL139W,0.26,0.57
YKL198C,0.88,0.57
YKR064W,1.0,0.57
YKR078W,0.57,0.57
YLL019C,0.51,0.57
YMR163C,0.26,0.57
YMR167W,0.0,0.57
YNL127W,0.99,0.57
YOR193W,0.0,0.57
YPL108W,0.0,0.57
YPL114W,0.0,0.57
YPL164C,0.0,0.57
YAL032C,0.0,0.58
YCR092C,0.0,0.58
YDR138W,0.6,0.58
YDR191W,0.0,0.58
YDR423C,0.0,0.58
YER116C,0.0,0.58
YGR050C,0.0,0.58
YGR196C,1.0,0.58
YGR248W,0.0,0.58
YIR041W,0.0,0.58
YMR262W,0.0,0.58
YNL148C,0.62,0.58
YNL254C,0.0,0.58
YPL174C,0.29,0.58
YDL154W,0.98,0.59
YDR147W,0.42,0.59
YDR249C,0.0,0.59
YGL128C,0.0,0.59
YHR116W,0.0,0.59
YIL092W,0.0,0.59
YIL153W,0.0,0.59
YJL156C,0.0,0.59
YKR023W,0.0,0.59
YMR098C,0.78,0.59
YMR227C,0.4,0.59
YNL082W,0.7,0.59
YOR386W,0.0,0.59
YPL140C,0.0,0.59
YPL278C,0.0,0.59
YPR171W,0.0,0.59
YPR179C,0.46,0.59
YAL002W,0.37,0.6
YBR032W,0.0,0.6
YBR197C,0.0,0.6
YBR204C,0.21,0.6
YCL063W,0.0,0.6
YDR096W,1.0,0.6
YDR490C,0.0,0.6
YER104W,0.0,0.6
YGL227W,0.57,0.6
YJR103W,0.98,0.6
YKL089W,0.0,0.6
YLR266C,0.36,0.6
YLR424W,0.55,0.6
YMR032W,0.26,0.6
YOL015W,0.0,0.6
YOR388C,0.28,0.6
YPL005W,0.0,0.6
YBL023C,1.0,0.61
YBR176W,0.0,0.61
YBR194W,0.0,0.61
YBR260C,0.99,0.61
YDL175C,0.27,0.61
YDR014W,0.26,0.61
YFR020W,0.0,0.61
YGR010W,0.0,0.61
YJR035W,0.0,0.61
YKR022C,0.55,0.61
YLR024C,1.0,0.61
YML109W,0.32,0.61
YNL203C,0.0,0.61
YOR090C,0.0,0.61
YOR200W,0.0,0.61
YPL080C,0.0,0.61
YBR001C,0.61,0.62
YDL059C,0.0,0.62
YDL233W,0.0,0.62
YDR118W,0.0,0.62
YDR142C,0.0,0.62
YDR482C,0.0,0.62
YDR534C,0.0,0.62
YGL060W,0.66,0.62
YIL050W,0.0,0.62
YIL159W,0.21,0.62
YJL107C,0.0,0.62
YJL185C,0.0,0.62
YLR392C,1.0,0.62
YMR268C,0.23,0.62
YNL187W,0.0,0.62
YOR155C,0.0,0.62
YPR184W,1.0,0.62
YDL176W,0.89,0.63
YDR336W,0.48,0.63
YFR016C,0.75,0.63
YHL009C,0.0,0.63
YKL038W,0.0,0.63
YKR058W,0.0,0.63
YLR055C,0.0,0.63
YLR091W,0.97,0.63
YLR233C,0.0,0.63
YLR381W,0.0,0.63
YLR460C,0.0,0.63
YMR198W,0.89,0.63
YNL167C,0.31,0.63
YOR275C,0.83,0.63
YPR045C,0.0,0.63
YDR528W,0.0,0.64
YGL254W,0.0,0.64
YHL004W,0.0,0.64
YHL046C,0.0,0.64
YIL137C,1.0,0.64
YJR050W,0.0,0.64
YKL023W,0.59,0.64
YKR045C,0.0,0.64
YLR010C,0.0,0.64
YLR320W,0.0,0.64
YMR087W,0.0,0.64
YMR136W,0.63,0.64
YMR138W,0.0,0.64
YMR144W,0.0,0.64
YMR232W,0.0,0.64
YOR037W,0.3,0.64
YOR107W,0.0,0.64
YAL054C,0.0,0.65
YBR141C,0.0,0.65
YBR148W,0.34,0.65
YBR251W,0.0,0.65
YCL016C,0.93,0.65
YDL205C,0.82,0.65
YDR066C,0.0,0.65
YDR183W,0.0,0.65
YDR197W,0.0,0.65
YDR202C,0.0,0.65
YDR362C,0.0,0.65
YJL024C,0.0,0.65
YJL025W,0.0,0.65
YJL049W,0.0,0.65
YKL011C,0.0,0.65
YKL090W,0.0,0.65
YKL215C,0.98,0.65
YLL038C,0.0,0.65
YLL060C,0.0,0.65
YMR066W,0.0,0.65
YMR070W,0.0,0.65
YMR075W,0.94,0.65
YNL144C,0.69,0.65
YNL173C,0.23,0.65
YNL295W,0.0,0.65
YOL028C,0.0,0.65
YOR126C,0.98,0.65
YOR279C,0.65,0.65
YOR350C,0.96,0.65
YPR061C,0.0,0.65
YPR158W,0.0,0.65
YDL107W,0.88,0.66
YDL203C,0.0,0.66
YDR315C,0.0,0.66
YDR520C,0.0,0.66
YGL163C,0.0,0.66
YHR031C,0.99,0.66
YHR129C,0.0,0.66
YHR131C,0.0,0.66
YJL057C,0.0,0.66
YLR082C,0.39,0.66
YMR096W,0.0,0.66
YMR160W,0.0,0.66
YMR223W,0.0,0.66
YMR288W,0.42,0.66
YNL218W,0.0,0.66
YNL249C,0.7,0.66
YNL328C,0.0,0.66
YOR019W,0.0,0.66
YOR249C,0.0,0.66
YOR296W,0.0,0.66
YPL255W,0.93,0.66
YBR063C,0.0,0.67
YBR195C,0.0,0.67
YCR089W,0.0,0.67
YDL057W,0.0,0.67
YDR242W,0.36,0.67
YHR091C,0.0,0.67
YHR111W,1.0,0.67
YJR119C,0.77,0.67
YLR253W,0.0,0.67
YLR362W,0.99,0.67
YLR396C,0.0,0.67
YLR417W,0.55,0.67
YOR028C,0.0,0.67
YOR162C,0.98,0.67
YPL191C,0.82,0.67
YDL127W,0.0,0.68
YDL179W,0.0,0.68
YER077C,0.35,0.68
YER143W,0.0,0.68
YFR038W,1.0,0.68
YGL073W,0.0,0.68
YGL162W,0.0,0.68
YGL243W,0.0,0.68
YGR015C,0.0,0.68
YGR258C,1.0,0.68
YGR271W,1.0,0.68
YHR022C,0.0,0.68
YHR202W,0.0,0.68
YJL060W,0.84,0.68
YJL181W,0.54,0.68
YJR097W,0.95,0.68
YJR122W,0.0,0.68
YJR136C,1.0,0.68
YLR369W,0.89,0.68
YLR456W,0.0,0.68
YMR234W,0.41,0.68
YMR250W,0.0,0.68
YNR058W,0.0,0.68
YOR181W,0.0,0.68
YDL024C,0.82,0.69
YDR103W,0.84,0.69
YER013W,0.0,0.69
YFR039C,0.0,0.69
YGL083W,0.71,0.69
YHR182W,1.0,0.69
YJR008W,0.0,0.69
YJR130C,0.0,0.69
YKL052C,0.0,0.69
YKL079W,0.0,0.69
YMR065W,0.0,0.69
YMR224C,0.0,0.69
YMR320W,0.0,0.69
YNL073W,0.99,0.69
YOL054W,0.56,0.69
YOL095C,0.38,0.69
YPR178W,0.0,0.69
YAL034C,0.0,0.7
YAR019C,0.98,0.7
YBR259W,0.69,0.7
YDL108W,0.0,0.7
YDL238C,0.36,0.7
YDR181C,0.56,0.7
YDR253C,0.0,0.7
YDR466W,0.0,0.7
YGL108C,0.0,0.7
YGL125W,0.0,0.7
YGL248W,0.0,0.7
YGR256W,0.32,0.7
YHR168W,0.0,0.7
YIR003W,0.81,0.7
YJL087C,0.23,0.7
YJL203W,0.0,0.7
YJL204C,0.28,0.7
YJL210W,0.0,0.7
YLR033W,1.0,0.7
YLR278C,0.65,0.7
YLR288C,0.41,0.7
YLR319C,1.0,0.7
YLR461W,0.0,0.7
YML088W,0.99,0.7
YMR231W,1.0,0.7
YOR018W,0.64,0.7
YOR274W,0.0,0.7
YPL116W,0.82,0.7
YPR099C,0.0,0.7
YPR161C,0.25,0.7
YBR007C,0.0,0.71
YBR157C,0.53,0.71
YCL008C,0.0,0.71
YCL047C,0.0,0.71
YDR137W,0.57,0.71
YDR524C,0.0,0.71
YER157W,0.55,0.71
YGR043C,0.0,0.71
YGR161C,0.0,0.71
YGR163W,0.0,0.71
YHL049C,0.0,0.71
YHR058C,0.0,0.71
YHR061C,0.0,0.71
YJL073W,0.53,0.71
YJL162C,0.0,0.71
YKL103C,0.94,0.71
YLR317W,0.0,0.71
YLR451W,0.97,0.71
YMR104C,0.3,0.71
YMR127C,0.0,0.71
YMR192W,1.0,0.71
YNL170W,0.0,0.71
YNR032W,0.0,0.71
YOR035C,0.0,0.71
YOR347C,0.0,0.71
YPL119C,0.9,0.71
YPL233W,0.0,0.71
YPL236C,0.0,0.71
YPR046W,0.0,0.71
YAL062W,0.0,0.72
YBL084C,0.54,0.72
YBR046C,0.0,0.72
YBR058C,0.74,0.72
YBR258C,0.8,0.72
YCR081W,1.0,0.72
YCR097W,0.0,0.72
YDR169C,0.43,0.72
YER078C,0.99,0.72
YER128W,0.0,0.72
YFL023W,0.0,0.72
YFL066C,0.0,0.72
YGL095C,0.47,0.72
YHR016C,0.0,0.72
YHR090C,0.2,0.72
YIL059C,0.0,0.72
YIL122W,0.0,0.72
YJL116C,0.0,0.72
YKR055W,0.0,0.72
YLR318W,0.83,0.72
YML099C,0.0,0.72
YML107C,0.0,0.72
YNL049C,0.93,0.72
YNL063W,0.25,0.72
YNL215W,0.0,0.72
YOL025W,0.0,0.72
YOL155C,0.0,0.72
YOR289W,0.0,0.72
YPL042C,0.0,0.72
YPL096W,0.0,0.72
YDR350C,0.0,0.73
YDR363W,0.41,0.73
YDR489W,0.0,0.73
YFL027C,0.67,0.73
YGL093W,0.0,0.73
YGL155W,0.0,0.73
YGR091W,0.0,0.73
YGR170W,0.0,0.73
YHR173C,0.0,0.73
YJL023C,0.24,0.73
YJR046W,0.0,0.73
YKL155C,0.0,0.73
YKR046C,0.0,0.73
YLR127C,0.98,0.73
YLR368W,0.0,0.73
YNL035C,0.0,0.73
YNL057W,0.0,0.73
YNL260C,0.0,0.73
YNL282W,0.96,0.73
YNR004W,0.0,0.73
YPL120W,0.0,0.73
YPR013C,0.0,0.73
YPR025C,0.0,0.73
YPR083W,0.0,0.73
YDR111C,0.0,0.74
YDR409W,0.97,0.74
YER069W,0.93,0.74
YER132C,0.99,0.74
YER142C,0.21,0.74
YER168C,0.36,0.74
YGL164C,0.0,0.74
YHR134W,0.0,0.74
YIL056W,0.0,0.74
YIL084C,0.27,0.74
YJL199C,0.0,0.74
YJL213W,0.45,0.74
YJR114W,0.0,0.74
YKL148C,1.0,0.74
YKL197C,0.97,0.74
YKR004C,0.0,0.74
YLR063W,0.0,0.74
YLR434C,0.0,0.74
YMR081C,0.0,0.74
YMR097C,0.0,0.74
YNL193W,0.0,0.74
YNL245C,0.0,0.74
YPL045W,0.62,0.74
YPL253C,0.0,0.74
YBL021C,0.0,0.75
YDR539W,0.97,0.75
YER066W,0.0,0.75
YER130C,0.0,0.75
YFR036W,0.0,0.75
YGL131C,0.63,0.75
YGL136C,0.0,0.75
YGR064W,0.0,0.75
YHR077C,0.8,0.75
YHR186C,1.0,0.75
YJR099W,0.0,0.75
YKL018W,0.0,0.75
YLR117C,0.0,0.75
YLR284C,0.0,0.75
YML032C,0.25,0.75
YML076C,0.0,0.75
YOL083W,0.55,0.75
YOR038C,0.8,0.75
YOR129C,0.0,0.75
YOR130C,0.0,0.75
YOR269W,0.0,0.75
YPL213W,0.0,0.75
YPL268W,1.0,0.75
YBL008W,0.99,0.76
YBL025W,0.0,0.76
YBL060W,0.91,0.76
YCL042W,0.0,0.76
YDL090C,0.0,0.76
YDR082W,0.0,0.76
YDR106W,0.0,0.76
YDR288W,0.0,0.76
YDR311W,0.0,0.76
YHR100C,0.0,0.76
YJL035C,0.0,0.76
YJR110W,0.83,0.76
YKR037C,0.0,0.76
YLL064C,0.0,0.76
YLR240W,0.0,0.76
YLR439W,0.0,0.76
YML112W,0.95,0.76
YNL164C,0.23,0.76
YNL274C,0.0,0.76
YOL072W,0.0,0.76
YOL096C,0.0,0.76
YPL110C,0.4,0.76
YBR128C,0.56,0.77
YCR065W,0.37,0.77
YCR073C,1.0,0.77
YDR239C,1.0,0.77
YGR070W,1.0,0.77
YHR080C,0.45,0.77
YHR156C,0.0,0.77
YKL169C,0.0,0.77
YKL183W,0.0,0.77
YLR189C,1.0,0.77
YML095C,0.0,0.77
YMR021C,0.83,0.77
YMR036C,0.0,0.77
YMR166C,0.0,0.77
YMR216C,0.85,0.77
YMR283C,0.98,0.77
YNL047C,0.0,0.77
YNL234W,0.0,0.77
YNL304W,0.0,0.77
YOR242C,0.0,0.77
YPL035C,0.0,0.77
YPL069C,0.0,0.77
YPL251W,0.0,0.77
YPR070W,0.94,0.77
YBR169C,1.0,0.78
YDL109C,0.0,0.78
YDL197C,0.99,0.78
YDR088C,0.0,0.78
YEL016C,0.0,0.78
YEL073C,0.0,0.78
YGR150C,0.85,0.78
YHL022C,0.0,0.78
YHR161C,0.0,0.78
YHR166C,0.93,0.78
YIR036C,1.0,0.78
YJL036W,0.0,0.78
YJL187C,0.99,0.78
YJR066W,0.98,0.78
YKL111C,0.0,0.78
YLR014C,1.0,0.78
YMR113W,0.91,0.78
YMR228W,0.0,0.78
YNL023C,1.0,0.78
YNL133C,0.29,0.78
YOR195W,0.77,0.78
YOR352W,0.0,0.78
YPR006C,0.0,0.78
YBR012C,0.0,0.79
YDL033C,0.0,0.79
YDR260C,0.0,0.79
YER153C,0.0,0.79
YFR025C,0.0,0.79
YGL201C,1.0,0.79
YGR250C,0.0,0.79
YHR017W,0.58,0.79
YHR115C,0.0,0.79
YIL165C,0.0,0.79
YJR056C,0.0,0.79
YKL049C,0.0,0.79
YNL161W,0.68,0.79
YNL289W,0.38,0.79
YOL063C,0.9,0.79
YOR033C,0.98,0.79
YPL148C,0.0,0.79
YPL175W,0.0,0.79
YPR141C,0.97,0.79
YPR185W,1.0,0.79
YPR186C,0.67,0.79
YCR032W,0.65,0.8
YDR058C,0.0,0.8
YDR493W,0.88,0.8
YER111C,0.0,0.8
YGL166W,0.35,0.8
YGR102C,0.0,0.8
YIL002C,0.69,0.8
YIL046W,0.0,0.8
YJL044C,0.0,0.8
YJL081C,0.0,0.8
YJL084C,0.0,0.8
YJR021C,0.22,0.8
YKR007W,0.0,0.8
YLR247C,1.0,0.8
YLR263W,0.0,0.8
YLR383W,0.42,0.8
YMR086W,0.81,0.8
YMR132C,0.0,0.8
YMR271C,0.0,0.8
YNL202W,0.0,0.8
YNL299W,0.83,0.8
YOL023W,0.31,0.8
YOL032W,0.0,0.8
YOL148C,1.0,0.8
YPL052W,0.0,0.8
YPL075W,0.0,0.8
YPL261C,0.0,0.8
YPR005C,0.0,0.8
YAL011W,0.65,0.81
YBL014C,0.0,0.81
YBR190W,0.0,0.81
YCR079W,0.0,0.81
YDL141W,0.91,0.81
YDL177C,0.0,0.81
YDR022C,0.22,0.81
YDR065W,0.0,0.81
YDR179C,0.0,0.81
YDR206W,0.0,0.81
YDR370C,0.0,0.81
YDR514C,0.0,0.81
YEL023C,0.97,0.81
YFR028C,0.58,0.81
YGL214W,0.0,0.81
YGR072W,0.0,0.81
YHR023W,0.8,0.81
YJL015C,0.0,0.81
YJR055W,0.0,0.81
YKL108W,0.26,0.81
YKR063C,0.0,0.81
YLL001W,1.0,0.81
YLR094C,0.56,0.81
YLR210W,0.0,0.81
YLR397C,1.0,0.81
YNL200C,0.0,0.81
YOL011W,0.0,0.81
YOL116W,0.0,0.81
YOL159C,0.0,0.81
YOR023C,0.0,0.81
YOR066W,0.0,0.81
YOR084W,0.0,0.81
YOR112W,0.81,0.81
YPL018W,0.38,0.81
YPL193W,0.0,0.81
YAL013W,0.0,0.82
YBR072W,1.0,0.82
YDL243C,0.0,0.82
YDR024W,0.0,0.82
YDR081C,0.83,0.82
YER046W,0.0,0.82
YGL145W,0.0,0.82
YGR166W,0.9,0.82
YJL180C,0.21,0.82
YKL043W,0.0,0.82
YKL045W,0.27,0.82
YKL149C,0.24,0.82
YLR157C,0.0,0.82
YLR165C,0.0,0.82
YLR191W,0.0,0.82
YLR438W,1.0,0.82
YMR025W,0.0,0.82
YMR052W,0.0,0.82
YMR105C,0.99,0.82
YMR164C,0.0,0.82
YNL097C,0.0,0.82
YNL140C,0.0,0.82
YOR231W,0.0,0.82
YPL083C,0.0,0.82
YCR014C,1.0,0.83
YDR222W,1.0,0.83
YDR229W,0.0,0.83
YDR289C,0.0,0.83
YDR392W,0.0,0.83
YDR538W,0.95,0.83
YER171W,0.0,0.83
YGL216W,0.79,0.83
YHR147C,0.0,0.83
YKR031C,0.8,0.83
YLR177W,0.0,0.83
YLR352W,0.0,0.83
YLR436C,0.0,0.83
YMR109W,1.0,0.83
YNL213C,0.21,0.83
YNR034W,0.95,0.83
YOL008W,0.22,0.83
YOL117W,0.0,0.83
YOR290C,0.2,0.83
YPL107W,0.0,0.83
YBR167C,0.0,0.84
YBR170C,0.0,0.84
YBR285W,0.0,0.84
YDR215C,0.0,0.84
YDR246W,0.0,0.84
YDR318W,0.24,0.84
YDR478W,0.0,0.84
YER123W,0.85,0.84
YGR269W,0.0,0.84
YJL119C,0.34,0.84
YJL223C,0.0,0.84
YKL047W,0.0,0.84
YKR010C,0.94,0.84
YLR155C,0.0,0.84
YLR193C,0.52,0.84
YLR316C,0.0,0.84
YLR321C,0.99,0.84
YLR418C,0.66,0.84
YLR422W,0.98,0.84
YML102W,0.55,0.84
YOR074C,0.3,0.84
YOR379C,0.36,0.84
YPL214C,0.0,0.84
YPL258C,0.0,0.84
YPR107C,0.73,0.84
YPR174C,0.0,0.84
YBR013C,0.0,0.85
YDR257C,0.24,0.85
YDR405W,0.0,0.85
YIL119C,0.0,0.85
YKL194C,0.0,0.85
YLR045C,0.99,0.85
YLR211C,0.0,0.85
YLR287C,0.3,0.85
YML041C,0.0,0.85
YMR060C,0.0,0.85
YMR152W,0.95,0.85
YNL041C,0.64,0.85
YNL273W,0.0,0.85
YOL009C,0.0,0.85
YOR208W,0.0,0.85
YPL188W,0.97,0.85
YPR034W,0.56,0.85
YPR157W,0.0,0.85
YBL078C,0.0,0.86
YDL045C,0.88,0.86
YDL098C,0.0,0.86
YDL115C,0.0,0.86
YDR013W,0.0,0.86
YDR143C,0.0,0.86
YDR460W,0.0,0.86
YGL121C,0.0,0.86
YGR223C,0.97,0.86
YJL071W,0.0,0.86
YKR035C,0.0,0.86
YKR075C,0.5,0.86
YMR067C,0.0,0.86
YMR181C,0.0,0.86
YMR211W,0.0,0.86
YOL110W,0.0,0.86
YOR233W,0.0,0.86
YPL141C,0.0,0.86
YPL159C,0.0,0.86
YPL228W,0.0,0.86
YPR172W,0.0,0.86
YBL066C,1.0,0.87
YBR037C,0.0,0.87
YDL167C,0.99,0.87
YDR073W,0.0,0.87
YDR283C,0.43,0.87
YDR310C,0.99,0.87
YDR476C,0.23,0.87
YFR040W,0.89,0.87
YGL192W,0.0,0.87
YGL219C,0.0,0.87
YGR241C,0.0,0.87
YHR117W,0.51,0.87
YHR158C,0.64,0.87
YJL209W,0.95,0.87
YKL088W,0.0,0.87
YLL035W,0.0,0.87
YLR105C,0.0,0.87
YLR360W,0.69,0.87
YML096W,0.0,0.87
YML098W,0.0,0.87
YPL152W,0.0,0.87
YPR031W,0.0,0.87
YGR274C,0.0,0.88
YHR015W,0.0,0.88
YHR046C,0.0,0.88
YIL022W,1.0,0.88
YIR005W,0.0,0.88
YJR022W,0.0,0.88
YJR030C,0.86,0.88
YJR091C,0.9,0.88
YKL074C,0.0,0.88
YKL136W,0.0,0.88
YLR119W,0.0,0.88
YMR218C,0.0,0.88
YNL086W,0.0,0.88
YNL310C,0.0,0.88
YOR017W,0.55,0.88
YPL122C,0.0,0.88
YBL095W,0.0,0.89
YBL104C,0.98,0.89
YBR163W,0.32,0.89
YDL006W,0.0,0.89
YER027C,0.0,0.89
YER151C,1.0,0.89
YER186C,0.0,0.89
YFL007W,0.92,0.89
YGR019W,0.0,0.89
YHR073W,0.86,0.89
YHR167W,0.57,0.89
YJL006C,0.0,0.89
YKL173W,0.41,0.89
YLR430W,1.0,0.89
YOL043C,0.0,0.89
YOL150C,0.99,0.89
YOR330C,0.0,0.89
YPL008W,0.0,0.89
YPL070W,0.0,0.89
YAR066W,0.0,0.9
YBR226C,0.0,0.9
YBR228W,0.0,0.9
YBR238C,0.0,0.9
YDL164C,0.67,0.9
YDR061W,0.0,0.9
YDR075W,0.0,0.9
YDR243C,0.0,0.9
YDR259C,0.0,0.9
YFR002W,0.28,0.9
YGL150C,0.62,0.9
YGR129W,1.0,0.9
YIL079C,0.68,0.9
YIL152W,0.0,0.9
YJL076W,1.0,0.9
YKL041W,0.7,0.9
YKL214C,0.99,0.9
YLR085C,0.0,0.9
YLR136C,0.0,0.9
YLR227C,0.42,0.9
YMR023C,0.3,0.9
YMR185W,0.0,0.9
YMR222C,0.94,0.9
YNL091W,0.5,0.9
YOL138C,1.0,0.9
YOR295W,0.0,0.9
YOR322C,0.33,0.9
YBR071W,0.0,0.91
YBR153W,0.0,0.91
YDR020C,0.0,0.91
YDR364C,0.0,0.91
YDR443C,0.0,0.91
YEL029C,0.0,0.91
YEL066W,0.0,0.91
YGL056C,1.0,0.91
YJL072C,0.89,0.91
YKR021W,0.26,0.91
YLR143W,0.0,0.91
YLR265C,0.85,0.91
YML049C,0.24,0.91
YML114C,0.0,0.91
YNL011C,0.0,0.91
YNL197C,0.0,0.91
YOL112W,0.0,0.91
YOL134C,0.0,0.91
YOR075W,0.88,0.91
YOR385W,0.59,0.91
YPL202C,0.83,0.91
YAL015C,0.0,0.92
YAL027W,0.0,0.92
YDR097C,0.98,0.92
YDR163W,0.0,0.92
YHR195W,1.0,0.92
YJL020C,1.0,0.92
YJL101C,0.59,0.92
YJR141W,0.0,0.92
YLL007C,0.0,0.92
YLR067C,0.25,0.92
YLR231C,1.0,0.92
YML021C,0.0,0.92
YML027W,0.0,0.92
YMR263W,0.0,0.92
YNL077W,0.55,0.92
YOL044W,0.0,0.92
YOR069W,0.87,0.92
YOR127W,0.27,0.92
YOR304W,0.34,0.92
YPL084W,0.28,0.92
YPL138C,0.42,0.92
YPL153C,0.76,0.92
YPR048W,0.0,0.92
YAR071W,1.0,0.93
YBR028C,0.95,0.93
YDL079C,0.0,0.93
YDR078C,0.0,0.93
YDR333C,0.0,0.93
YDR349C,0.48,0.93
YDR498C,0.74,0.93
YFL001W,0.35,0.93
YGR098C,0.99,0.93
YHL029C,0.0,0.93
YIL161W,0.27,0.93
YJL206C,0.78,0.93
YJR074W,0.0,0.93
YLR070C,0.0,0.93
YLR116W,0.0,0.93
YMR062C,1.0,0.93
YMR135C,0.0,0.93
YMR196W,0.95,0.93
YNL166C,0.87,0.93
YNL191W,0.0,0.93
YOR371C,0.0,0.93
YPL089C,0.0,0.93
YPR017C,0.0,0.93
YPR066W,0.0,0.93
YBL052C,0.87,0.94
YBL083C,0.0,0.94
YBR104W,0.0,0.94
YBR130C,0.97,0.94
YDR325W,0.24,0.94
YFR043C,0.0,0.94
YGL013C,1.0,0.94
YGL119W,0.0,0.94
YHR056C,0.0,0.94
YHR062C,0.0,0.94
YIR029W,0.49,0.94
YJR005W,0.0,0.94
YLR021W,0.0,0.94
YLR032W,0.0,0.94
YLR059C,0.26,0.94
YLR126C,0.0,0.94
YLR139C,0.52,0.94
YNL290W,1.0,0.94
YPL047W,0.3,0.94
YPL137C,0.0,0.94
YAL019W,0.98,0.95
YAR014C,0.45,0.95
YCL039W,0.72,0.95
YDL077C,0.0,0.95
YDL102W,1.0,0.95
YDL170W,0.0,0.95
YDR541C,0.62,0.95
YGL062W,0.94,0.95
YGL151W,0.92,0.95
YGL178W,0.0,0.95
YGR011W,0.0,0.95
YHL007C,1.0,0.95
YHR097C,0.0,0.95
YIL114C,0.0,0.95
YJL128C,1.0,0.95
YKL204W,0.85,0.95
YLR358C,0.0,0.95
YMR100W,0.29,0.95
YNR071C,0.0,0.95
YBR192W,0.0,0.96
YCR015C,0.45,0.96
YDL230W,0.0,0.96
YDR235W,0.0,0.96
YER150W,0.0,0.96
YGL129C,0.0,0.96
YGL153W,0.0,0.96
YGR133W,0.81,0.96
YGR262C,0.0,0.96
YJL135W,0.0,0.96
YKL159C,0.0,0.96
YKR069W,0.0,0.96
YLR160C,0.0,0.96
YLR178C,1.0,0.96
YLR218C,0.0,0.96
YLR405W,0.0,0.96
YMR035W,0.0,0.96
YNL042W,0.0,0.96
YNL198C,0.0,0.96
YOR006C,0.0,0.96
YPL224C,0.0,0.96
YPR024W,0.9,0.96
YAL031C,0.36,0.97
YBR222C,0.75,0.97
YBR264C,0.0,0.97
YBR274W,0.0,0.97
YDL043C,0.0,0.97
YDR220C,0.0,0.97
YDR293C,1.0,0.97
YEL021W,0.0,0.97
YER115C,0.0,0.97
YGL005C,0.0,0.97
YHR030C,0.0,0.97
YHR074W,1.0,0.97
YKR087C,0.0,0.97
YLL021W,1.0,0.97
YLR098C,0.0,0.97
YLR239C,0.0,0.97
YLR363C,0.0,0.97
YML020W,0.46,0.97
YML071C,0.98,0.97
YNL311C,0.0,0.97
YOR026W,0.46,0.97
YOR264W,0.0,0.97
YBL081W,0.0,0.98
YBR076W,0.58,0.98
YBR129C,0.0,0.98
YBR175W,0.0,0.98
YBR188C,0.0,0.98
YCR076C,0.0,0.98
YDR291W,0.0,0.98
YDR354W,0.63,0.98
YDR463W,0.22,0.98
YER173W,0.0,0.98
YFL041W,0.0,0.98
YGR177C,0.73,0.98
YHR127W,0.0,0.98
YIL176C,0.0,0.98
YLR410W,1.0,0.98
YNL059C,0.99,0.98
YOR058C,0.84,0.98
YOR217W,1.0,0.98
YPR093C,0.0,0.98
YAL068C,0.0,0.99
YBR024W,0.0,0.99
YBR253W,0.0,0.99
YCL010C,0.82,0.99
YDL150W,1.0,0.99
YDR494W,0.0,0.99
YDR518W,0.99,0.99
YER008C,0.88,0.99
YGL071W,0.27,0.99
YGL190C,0.0,0.99
YGR042W,0.0,0.99
YGR203W,0.87,0.99
YHR215W,0.0,0.99
YKR008W,0.87,0.99
YKR079C,0.0,0.99
YLR190W,0.0,0.99
YML011C,0.0,0.99
YMR059W,0.0,0.99
YMR237W,1.0,0.99
YNL291C,0.0,0.99
YOR319W,0.0,0.99
YPL167C,0.36,0.99
YPL241C,0.0,0.99
YCL032W,0.0,1.0
YDL088C,0.0,1.0
YDR192C,0.0,1.0
YER099C,0.0,1.0
YFL009W,0.96,1.0
YFL049W,0.58,1.0
YJL065C,0.0,1.0
YKL166C,0.0,1.0
YLR328W,1.0,1.0
YLR401C,1.0,1.0
YMR153W,0.0,1.0
YNL163C,0.94,1.0
YOR387C,0.0,1.0
YPR055W,0.0,1.0
YBL016W,0.0,1.01
YDL155W,0.0,1.01
YEL062W,0.0,1.01
YGR093W,0.0,1.01
YHR001W,0.96,1.01
YIL020C,0.6,1.01
YJL115W,0.97,1.01
YJR062C,0.99,1.01
YLR019W,0.0,1.01
YLR132C,0.0,1.01
YLR163C,0.0,1.01
YLR251W,0.0,1.01
YML051W,0.82,1.01
YMR233W,0.0,1.01
YNL118C,1.0,1.01
YNR076W,0.0,1.01
YOL065C,0.0,1.01
YOR060C,0.0,1.01
YPL133C,0.0,1.01
YPR022C,0.93,1.01
YBR257W,0.0,1.02
YCR008W,0.0,1.02
YDR415C,0.0,1.02
YGR030C,0.0,1.02
YGR073C,0.0,1.02
YGR165W,0.0,1.02
YJL127C,0.0,1.02
YKL069W,0.0,1.02
YKR096W,0.75,1.02
YLR133W,0.0,1.02
YMR003W,0.0,1.02
YMR212C,0.46,1.02
YNL172W,0.28,1.02
YNL297C,0.0,1.02
YOR012W,0.0,1.02
YPL219W,0.27,1.02
YPR050C,0.0,1.02
YCR020C,0.0,1.03
YDL105W,0.54,1.03
YDR150W,1.0,1.03
YDR486C,0.0,1.03
YFL044C,0.99,1.03
YHL027W,0.46,1.03
YHR059W,0.0,1.03
YLL029W,0.99,1.03
YML043C,0.0,1.03
YML128C,0.24,1.03
YNL078W,0.0,1.03
YNL292W,0.0,1.03
YOL106W,0.0,1.03
YOR073W,0.0,1.03
YOR297C,0.0,1.03
YPR084W,0.0,1.03
YPR104C,1.0,1.03
YBL073W,0.0,1.04
YDR068W,0.34,1.04
YDR140W,0.0,1.04
YDR148C,0.99,1.04
YDR379W,0.98,1.04
YGL193C,0.0,1.04
YGL228W,0.0,1.04
YGR140W,0.0,1.04
YJL090C,0.62,1.04
YJL168C,0.21,1.04
YKL116C,0.0,1.04
YKR072C,0.21,1.04
YLR201C,0.0,1.04
YLR202C,0.0,1.04
YMR285C,0.98,1.04
YNL286W,0.0,1.04
YNL330C,0.0,1.04
YNR049C,0.0,1.04
YOR250C,0.0,1.04
YOR267C,1.0,1.04
YPL095C,0.0,1.04
YBR103W,0.0,1.05
YGL141W,0.0,1.05
YHR024C,0.81,1.05
YHR104W,1.0,1.05
YHR107C,1.0,1.05
YIL125W,1.0,1.05
YJL066C,1.0,1.05
YLR095C,0.0,1.05
YLR199C,0.0,1.05
YMR259C,0.55,1.05
YNL251C,0.99,1.05
YNR040W,0.97,1.05
YOR205C,0.0,1.05
YPL250C,0.0,1.05
YPR101W,0.0,1.05
YDL223C,0.96,1.06
YDR198C,0.0,1.06
YDR282C,0.0,1.06
YER071C,0.23,1.06
YGL035C,0.25,1.06
YHR199C,1.0,1.06
YIL019W,0.0,1.06
YJR049C,0.43,1.06
YJR112W,0.0,1.06
YLR149C,0.91,1.06
YMR219W,1.0,1.06
YNL267W,0.0,1.06
YOL042W,0.0,1.06
YOR014W,1.0,1.06
YPL157W,0.0,1.06
YPL215W,0.67,1.06
YDL202W,1.0,1.07
YDR121W,0.0,1.07
YDR477W,0.0,1.07
YFR055W,0.0,1.07
YGL117W,0.0,1.07
YGR109C,0.0,1.07
YGR255C,0.0,1.07
YJR079W,0.0,1.07
YKL176C,0.0,1.07
YKR083C,0.0,1.07
YLR071C,0.0,1.07
YLR403W,0.43,1.07
YMR287C,0.0,1.07
YNR047W,0.0,1.07
YOL087C,0.0,1.07
YPL066W,0.0,1.07
YPL184C,0.0,1.07
YPR190C,0.98,1.07
YAL043C,0.67,1.08
YDR069C,0.43,1.08
YDR248C,0.67,1.08
YKL143W,0.97,1.08
YLR364W,0.0,1.08
YLR365W,0.0,1.08
YMR005W,0.67,1.08
YMR024W,0.45,1.08
YOL071W,0.0,1.08
YPL112C,0.55,1.08
YPL180W,0.28,1.08
YPR119W,0.73,1.08
YPR199C,0.0,1.08
YAL024C,0.96,1.09
YBL071C,0.0,1.09
YDR189W,1.0,1.09
YDR337W,0.0,1.09
YFL024C,0.43,1.09
YGR230W,0.0,1.09
YHR191C,0.0,1.09
YHR198C,0.0,1.09
YKL076C,0.58,1.09
YLR224W,0.77,1.09
YLR252W,0.0,1.09
YLR270W,0.0,1.09
YLR389C,0.95,1.09
YMR061W,1.0,1.09
YNL129W,0.0,1.09
YNL152W,0.0,1.09
YOR221C,0.0,1.09
YOR337W,0.0,1.09
YAL037W,0.0,1.1
YBR288C,0.0,1.1
YCL055W,0.0,1.1
YDL044C,0.96,1.1
YER163C,0.0,1.1
YGR005C,0.0,1.1
YJL005W,1.0,1.1
YKR084C,0.96,1.1
YLL042C,0.22,1.1
YLR260W,0.0,1.1
YLR454W,1.0,1.1
YML111W,0.73,1.1
YMR130W,0.98,1.1
YOL001W,0.0,1.1
YOL146W,0.0,1.1
YPL038W,0.0,1.1
YPL056C,0.0,1.1
YPL126W,0.99,1.1
YPL190C,0.87,1.1
YPL196W,0.0,1.1
YCR018C,0.0,1.11
YCR069W,0.88,1.11
YDL020C,0.33,1.11
YDR067C,0.0,1.11
YEL014C,0.0,1.11
YGL036W,0.0,1.11
YJL063C,0.0,1.11
YJL068C,0.28,1.11
YJR090C,1.0,1.11
YKR002W,0.4,1.11
YLR357W,0.58,1.11
YMR199W,0.0,1.11
YNL090W,0.23,1.11
YNL165W,0.0,1.11
YPL016W,0.99,1.11
YPL260W,0.0,1.11
YAL010C,0.3,1.12
YBL096C,0.0,1.12
YDR021W,0.0,1.12
YDR030C,0.32,1.12
YJL029C,0.56,1.12
YJL154C,0.0,1.12
YJR096W,0.91,1.12
YNL271C,0.99,1.12
YOR062C,0.0,1.12
YPL074W,0.0,1.12
YPL158C,0.98,1.12
YPR134W,0.0,1.12
YEL068C,0.0,1.13
YGL127C,0.0,1.13
YGR071C,0.0,1.13
YHR206W,0.0,1.13
YIL031W,0.2,1.13
YJR043C,0.0,1.13
YKL061W,0.0,1.13
YLR016C,0.0,1.13
YLR135W,1.0,1.13
YML017W,0.81,1.13
YNL024C,0.0,1.13
YOR102W,0.0,1.13
YBR089W,0.0,1.14
YDL056W,1.0,1.14
YDR286C,0.0,1.14
YEL030W,1.0,1.14
YHL025W,0.88,1.14
YLR107W,0.98,1.14
YLR158C,0.0,1.14
YLR298C,0.98,1.14
YLR409C,1.0,1.14
YMR208W,0.93,1.14
YNL043C,0.0,1.14
YNL094W,0.0,1.14
YNL185C,0.0,1.14
YOL144W,1.0,1.14
YOR135C,0.0,1.14
YPL064C,0.0,1.14
YPL082C,1.0,1.14
YPL197C,0.0,1.14
YCR093W,1.0,1.15
YDL132W,0.98,1.15
YDL160C,1.0,1.15
YDR231C,0.0,1.15
YDR244W,0.0,1.15
YDR296W,0.6,1.15
YGL102C,0.0,1.15
YGR233C,0.93,1.15
YHR009C,0.97,1.15
YLR182W,0.93,1.15
YMR044W,0.0,1.15
YNR029C,0.0,1.15
YOR120W,0.0,1.15
YOR216C,0.0,1.15
YOR258W,0.89,1.15
YPR065W,0.0,1.15
YPR131C,0.0,1.15
YPR189W,1.0,1.15
YBR022W,0.0,1.16
YBR208C,0.41,1.16
YDR171W,1.0,1.16
YDR469W,0.0,1.16
YER010C,0.0,1.16
YFL057C,0.0,1.16
YGR222W,0.39,1.16
YKR028W,0.98,1.16
YLR275W,0.29,1.16
YMR006C,0.67,1.16
YMR014W,0.92,1.16
YNL053W,0.0,1.16
YOL094C,0.78,1.16
YOR043W,0.0,1.16
YAL056W,0.28,1.17
YCR060W,0.51,1.17
YGR057C,0.0,1.17
YGR080W,0.96,1.17
YGR130C,1.0,1.17
YHR144C,0.0,1.17
YJL022W,0.0,1.17
YKL087C,0.0,1.17
YLR168C,0.87,1.17
YLR399C,0.0,1.17
YOL057W,1.0,1.17
YOL090W,0.62,1.17
YOR211C,0.33,1.17
YER125W,1.0,1.18
YGR095C,0.0,1.18
YHR085W,0.0,1.18
YLL025W,0.0,1.18
YLR200W,1.0,1.18
YLR254C,0.0,1.18
YNL014W,0.0,1.18
YNL284C,0.23,1.18
YNR020C,0.0,1.18
YOR173W,0.0,1.18
YOR196C,0.0,1.18
YDL103C,1.0,1.19
YEL005C,0.0,1.19
YHR112C,0.0,1.19
YLL041C,0.0,1.19
YLR007W,0.0,1.19
YLR112W,0.0,1.19
YNL288W,0.0,1.19
YOR188W,1.0,1.19
YBR061C,0.29,1.2
YDL019C,0.86,1.2
YDR034C,0.65,1.2
YDR400W,0.0,1.2
YGR146C,0.0,1.2
YGR247W,0.0,1.2
YJL016W,0.0,1.2
YJL075C,0.0,1.2
YJR060W,0.99,1.2
YKL010C,1.0,1.2
YMR201C,0.0,1.2
YNL022C,0.23,1.2
YOL102C,0.0,1.2
YOR101W,0.99,1.2
YOR125C,0.0,1.2
YOR354C,1.0,1.2
YPR106W,0.0,1.2
YAR002W,0.89,1.21
YBL054W,0.0,1.21
YBR165W,0.0,1.21
YBR247C,1.0,1.21
YDL003W,0.0,1.21
YDR054C,0.0,1.21
YDR186C,0.0,1.21
YDR209C,0.0,1.21
YDR308C,0.0,1.21
YEL039C,0.0,1.21
YJL033W,1.0,1.21
YKL014C,1.0,1.21
YKL113C,0.0,1.21
YKR009C,0.0,1.21
YLR380W,1.0,1.21
YOR166C,0.0,1.21
YOR280C,0.47,1.21
YBL090W,0.0,1.22
YBR066C,0.0,1.22
YBR245C,0.98,1.22
YGR207C,0.92,1.22
YKL185W,0.88,1.22
YLR015W,0.0,1.22
YLR437C,0.0,1.22
YML060W,0.0,1.22
YNR031C,0.0,1.22
YOL004W,0.98,1.22
YPL216W,0.21,1.22
YPR029C,1.0,1.22
YCL037C,1.0,1.23
YDR094W,0.0,1.23
YDR166C,0.87,1.23
YDR527W,0.64,1.23
YGR031W,0.66,1.23
YGR119C,0.95,1.23
YGR286C,0.73,1.23
YMR191W,0.0,1.23
YMR302C,1.0,1.23
YOL056W,0.0,1.23
YOL078W,1.0,1.23
YOL098C,0.0,1.23
YOR031W,0.0,1.23
YOR374W,1.0,1.23
YPR164W,0.46,1.23
YCR003W,0.21,1.24
YDR085C,0.0,1.24
YJR132W,1.0,1.24
YKL135C,0.0,1.24
YLR102C,0.0,1.24
YLR106C,1.0,1.24
YLR114C,0.98,1.24
YMR076C,0.93,1.24
YMR252C,0.39,1.24
YNL207W,1.0,1.24
YDL005C,0.82,1.25
YDR201W,0.93,1.25
YER064C,0.0,1.25
YHR047C,1.0,1.25
YIR004W,0.44,1.25
YKL170W,0.0,1.25
YKL189W,0.0,1.25
YLR073C,0.0,1.25
YML057W,0.28,1.25
YMR112C,0.0,1.25
YNL211C,0.0,1.25
YOL014W,0.95,1.25
YOL089C,0.0,1.25
YBR119W,0.0,1.26
YBR155W,0.61,1.26
YBR211C,0.0,1.26
YDR347W,0.0,1.26
YGL049C,0.99,1.26
YJL041W,1.0,1.26
YJR041C,1.0,1.26
YLR309C,0.93,1.26
YLR348C,0.0,1.26
YMR047C,0.99,1.26
YMR270C,0.0,1.26
YPL046C,0.0,1.26
YPL242C,0.99,1.26
YDR507C,0.0,1.27
YHR154W,0.25,1.27
YIL091C,0.0,1.27
YIL096C,0.32,1.27
YKL112W,1.0,1.27
YKR062W,0.0,1.27
YLR146C,0.75,1.27
YML006C,0.0,1.27
YMR080C,1.0,1.27
YOR172W,0.0,1.27
YPL020C,0.62,1.27
YBL112C,0.0,1.28
YBR033W,0.99,1.28
YBR137W,0.95,1.28
YDR060W,1.0,1.28
YDR512C,0.0,1.28
YGL099W,1.0,1.28
YHL030W,1.0,1.28
YIL135C,0.25,1.28
YLR052W,0.99,1.28
YLR090W,0.0,1.28
YLR290C,0.0,1.28
YNL122C,0.0,1.28
YOL108C,0.0,1.28
YOL142W,0.0,1.28
YPL039W,0.0,1.28
YPR120C,0.0,1.28
YDR301W,0.0,1.29
YDR464W,1.0,1.29
YJL096W,0.0,1.29
YJL118W,0.0,1.29
YKR038C,0.94,1.29
YKR089C,0.51,1.29
YLR336C,1.0,1.29
YLR407W,0.0,1.29
YLR425W,1.0,1.29
YOR251C,0.78,1.29
YPL203W,0.0,1.29
YPR168W,0.0,1.29
YBR080C,1.0,1.3
YDR430C,0.89,1.3
YEL015W,0.0,1.3
YER059W,0.0,1.3
YGL092W,0.0,1.3
YKL140W,0.0,1.3
YML023C,0.0,1.3
YNL240C,0.0,1.3
YNR057C,0.0,1.3
YOR363C,0.0,1.3
YPL024W,0.0,1.3
YPL139C,0.0,1.3
YPL183C,1.0,1.3
YPR176C,0.0,1.3
YAL060W,0.0,1.31
YDL013W,0.47,1.31
YDR044W,0.99,1.31
YDR457W,0.99,1.31
YGR219W,0.0,1.31
YIL083C,0.0,1.31
YLR274W,0.97,1.31
YML070W,1.0,1.31
YMR093W,1.0,1.31
YMR240C,0.0,1.31
YNL313C,1.0,1.31
YCR088W,1.0,1.32
YDL036C,0.0,1.32
YDR016C,0.0,1.32
YDR028C,0.49,1.32
YDR059C,0.0,1.32
YHR103W,0.59,1.32
YOL029C,0.0,1.32
YOR356W,1.0,1.32
YAL051W,0.0,1.33
YBR026C,1.0,1.33
YBR105C,0.0,1.33
YDR396W,0.0,1.33
YEL048C,0.0,1.33
YGL171W,1.0,1.33
YGR111W,0.6,1.33
YHR037W,0.0,1.33
YJR109C,1.0,1.33
YLL027W,0.0,1.33
YMR165C,1.0,1.33
YNL081C,0.0,1.33
YOR064C,0.0,1.33
YBR248C,1.0,1.34
YBR254C,0.0,1.34
YCL017C,1.0,1.34
YDL047W,0.0,1.34
YDL215C,0.45,1.34
YGR257C,0.0,1.34
YMR310C,0.94,1.34
YNL155W,0.0,1.34
YNR011C,0.0,1.34
YOL006C,0.59,1.34
YOR357C,0.0,1.34
YAL040C,0.0,1.35
YBL033C,0.44,1.35
YDL158C,0.0,1.35
YDR448W,0.0,1.35
YER176W,0.41,1.35
YGL086W,0.0,1.35
YGR244C,1.0,1.35
YGR270W,0.27,1.35
YJR032W,0.51,1.35
YKL126W,0.0,1.35
YLR039C,0.72,1.35
YMR125W,1.0,1.35
YMR220W,0.25,1.35
YOR213C,0.0,1.35
YOR236W,0.0,1.35
YPL217C,1.0,1.35
YPL256C,0.0,1.35
YAL017W,0.8,1.36
YBL050W,1.0,1.36
YCR059C,0.0,1.36
YER092W,0.0,1.36
YGL014W,0.78,1.36
YGR215W,0.0,1.36
YJL050W,1.0,1.36
YOR179C,0.0,1.36
YOR334W,0.0,1.36
YAR007C,1.0,1.37
YBR077C,0.0,1.37
YBR091C,0.0,1.37
YDR312W,0.0,1.37
YDR327W,0.0,1.37
YER137C,0.0,1.37
YHR216W,0.0,1.37
YKR011C,0.0,1.37
YKR095W,1.0,1.37
YMR189W,1.0,1.37
YNL005C,0.0,1.37
YNL150W,0.0,1.37
YOR377W,0.42,1.37
YDL188C,0.0,1.38
YDR372C,0.99,1.38
YMR158W,0.0,1.38
YOL021C,1.0,1.38
YOL051W,1.0,1.38
YOR226C,0.22,1.38
YOR372C,0.0,1.38
YPR094W,0.0,1.38
YAL021C,1.0,1.39
YHR070W,0.0,1.39
YJL010C,0.71,1.39
YJR076C,1.0,1.39
YOR109W,1.0,1.39
YPL170W,0.0,1.39
YBL051C,0.62,1.4
YCR036W,0.0,1.4
YER134C,0.0,1.4
YIR026C,1.0,1.4
YJL039C,0.99,1.4
YJL069C,0.99,1.4
YKL127W,1.0,1.4
YLR195C,0.68,1.4
YML053C,0.0,1.4
YMR290C,1.0,1.4
YMR299C,0.0,1.4
YNL099C,0.95,1.4
YNL212W,1.0,1.4
YOR123C,0.66,1.4
YAL034W-A,0.0,1.41
YBR268W,0.0,1.41
YCR077C,0.0,1.41
YDL069C,0.0,1.41
YEL047C,1.0,1.41
YGL213C,0.0,1.41
YHR201C,0.0,1.41
YJL200C,1.0,1.41
YJR067C,0.45,1.41
YLL034C,0.99,1.41
YML064C,0.0,1.41
YML100W,0.98,1.41
YNL102W,0.99,1.41
YOL064C,1.0,1.41
YBR073W,0.78,1.42
YBR097W,0.0,1.42
YCR052W,0.0,1.42
YDL058W,1.0,1.42
YER045C,0.68,1.42
YKL086W,0.0,1.42
YKR056W,0.72,1.42
YPL063W,1.0,1.42
YBL079W,0.28,1.43
YBL107C,0.0,1.43
YLR069C,0.0,1.43
YLR203C,0.0,1.43
YML061C,0.0,1.43
YNL132W,1.0,1.43
YOR091W,1.0,1.43
YBR214W,0.0,1.44
YBR279W,1.0,1.44
YDL225W,0.95,1.44
YDL240W,0.21,1.44
YDR357C,0.0,1.44
YDR530C,0.0,1.44
YER152C,0.0,1.44
YIR034C,1.0,1.44
YLR049C,0.0,1.44
YMR184W,0.0,1.44
YOR119C,0.85,1.44
YBR273C,0.0,1.45
YCL057W,1.0,1.45
YDL227C,0.5,1.45
YER127W,1.0,1.45
YGR193C,1.0,1.45
YIL126W,0.97,1.45
YMR090W,0.45,1.45
YOL036W,0.0,1.45
YPR166C,0.0,1.45
YEL055C,1.0,1.46
YGL016W,0.0,1.46
YGR283C,0.0,1.46
YLR194C,0.0,1.46
YOL111C,1.0,1.46
YDL038C,0.0,1.47
YDR383C,0.25,1.47
YGR275W,0.99,1.47
YHR165C,0.99,1.47
YIR006C,1.0,1.47
YKL021C,0.0,1.47
YKL184W,0.0,1.47
YNL001W,0.86,1.47
YOR094W,0.0,1.47
YPL026C,0.0,1.47
YPL179W,0.42,1.47
YAR003W,0.0,1.48
YDR017C,0.97,1.48
YDR115W,0.0,1.48
YEL037C,1.0,1.48
YLR170C,0.0,1.48
YOR359W,0.0,1.48
YJR100C,0.0,1.49
YNL100W,0.0,1.49
YNL246W,0.49,1.49
YOR148C,0.0,1.49
YPL149W,0.0,1.49
YPR146C,0.0,1.49
YHR197W,1.0,1.5
YKL040C,1.0,1.5
YKL144C,0.0,1.5
YKR060W,0.75,1.5
YMR077C,0.0,1.5
YPL014W,0.0,1.5
YPR067W,0.9,1.5
YDR232W,0.98,1.51
YDR299W,0.26,1.51
YGR246C,0.24,1.51
YML077W,0.0,1.51
YNL050C,0.77,1.51
YOR001W,0.99,1.51
YPL118W,0.0,1.51
YBL093C,0.0,1.52
YDR098C,1.0,1.52
YGL211W,0.0,1.52
YGR123C,1.0,1.52
YGR218W,1.0,1.52
YIL070C,0.52,1.52
YMR294W-A,0.0,1.52
YMR312W,0.0,1.52
YNR022C,0.0,1.52
YAL029C,0.72,1.53
YBR115C,1.0,1.53
YBR160W,0.0,1.53
YCR033W,0.82,1.53
YDR116C,0.0,1.53
YDR196C,0.0,1.53
YDR441C,0.86,1.53
YGR028W,0.0,1.53
YKL186C,0.0,1.53
YLR204W,0.0,1.53
YLR256W,0.9,1.53
YML003W,0.0,1.53
YMR031C,1.0,1.53
YNL124W,0.0,1.53
YNL241C,1.0,1.53
YOR115C,0.0,1.53
YOR244W,0.9,1.53
YPL173W,0.0,1.53
YAL041W,0.0,1.54
YDR395W,1.0,1.54
YEL061C,0.0,1.54
YFL002C,0.44,1.54
YOR281C,0.0,1.54
YBR146W,0.0,1.55
YCR005C,0.0,1.55
YDR167W,0.64,1.55
YDR216W,0.58,1.55
YER073W,1.0,1.55
YER112W,0.92,1.55
YGR261C,0.97,1.55
YKL059C,0.0,1.55
YLL040C,1.0,1.55
YOL026C,0.0,1.55
YHR098C,0.96,1.56
YJL079C,0.0,1.56
YML035C,0.0,1.56
YNR024W,0.0,1.56
YOR009W,0.0,1.56
YOR089C,0.93,1.56
YBR122C,0.0,1.57
YDL200C,0.26,1.57
YGR158C,0.0,1.57
YMR150C,0.0,1.57
YNL006W,0.0,1.57
YNR044W,0.0,1.57
YOR150W,0.0,1.57
YOR338W,0.0,1.57
YPL085W,1.0,1.57
YPR144C,0.0,1.57
YEL013W,1.0,1.58
YGR116W,1.0,1.58
YGR145W,1.0,1.58
YHR060W,0.0,1.58
YIL127C,0.61,1.58
YJL110C,0.0,1.58
YKL151C,0.0,1.58
YLR147C,0.0,1.58
YDL198C,1.0,1.59
YGR108W,0.0,1.59
YIR011C,0.0,1.59
YLR154C,0.25,1.59
YMR092C,1.0,1.59
YOR047C,0.34,1.59
YDR006C,0.64,1.6
YGR025W,0.0,1.6
YGR044C,0.0,1.6
YJR002W,1.0,1.6
YLR250W,0.99,1.6
YLR384C,1.0,1.6
YMR102C,0.22,1.6
YPL266W,0.0,1.6
YBL015W,1.0,1.61
YBL056W,0.88,1.61
YBL067C,0.0,1.61
YBL075C,0.81,1.61
YBR120C,0.0,1.61
YCR096C,0.0,1.61
YDL002C,0.0,1.61
YFR001W,1.0,1.61
YGR251W,0.85,1.61
YJR098C,0.0,1.61
YMR027W,1.0,1.61
YOR243C,1.0,1.61
YPL011C,0.0,1.61
YPR073C,0.0,1.61
YAR073W,1.0,1.62
YCR047C,0.0,1.62
YDL134C,0.23,1.62
YDR300C,1.0,1.62
YFR011C,0.0,1.62
YHR065C,0.39,1.62
YLR025W,0.0,1.62
YML010W,1.0,1.62
YML062C,0.43,1.62
YNL221C,0.0,1.62
YPR133C,1.0,1.62
YAL039C,0.28,1.63
YBR101C,1.0,1.63
YER020W,0.0,1.63
YIL038C,0.94,1.63
YLR243W,0.0,1.63
YOL136C,0.0,1.63
YOR315W,0.99,1.63
YCR084C,1.0,1.64
YGL244W,0.96,1.64
YIL105C,0.0,1.64
YLL049W,0.0,1.64
YLR412W,0.0,1.64
YMR091C,0.0,1.64
YNL243W,1.0,1.64
YOL068C,0.0,1.64
YPL195W,1.0,1.64
YPL204W,0.0,1.64
YBL085W,1.0,1.65
YDL008W,0.6,1.65
YGL133W,0.95,1.65
YGL252C,0.0,1.65
YJL031C,0.0,1.65
YJL048C,0.0,1.65
YPR030W,0.0,1.65
YPR072W,0.89,1.65
YEL060C,0.95,1.66
YJL042W,0.96,1.66
YJL054W,0.8,1.66
YKL138C,0.0,1.66
YLR051C,0.0,1.66
YLR209C,0.0,1.66
YOR207C,1.0,1.66
YPL252C,0.0,1.66
YPR053C,0.0,1.66
YPR167C,0.0,1.66
YAL047C,0.0,1.67
YCL056C,0.0,1.67
YER090W,1.0,1.67
YIL116W,0.99,1.67
YKL128C,0.0,1.67
YML127W,0.25,1.67
YOL022C,1.0,1.67
YPR173C,1.0,1.67
YPR188C,0.0,1.67
YDL148C,0.47,1.68
YDR267C,0.0,1.68
YGR294W,0.0,1.68
YIL154C,0.0,1.68
YIR035C,0.35,1.68
YJL109C,1.0,1.68
YJR025C,0.54,1.68
YJR082C,0.0,1.68
YKL193C,0.91,1.68
YKR018C,1.0,1.68
YML093W,1.0,1.68
YNL062C,0.96,1.68
YOR203W,0.0,1.68
YPL002C,0.0,1.68
YPL034W,0.0,1.68
YPL127C,0.21,1.68
YPR115W,1.0,1.68
YDL165W,0.0,1.69
YDR056C,0.0,1.69
YER164W,1.0,1.69
YLR408C,0.0,1.69
YMR012W,1.0,1.69
YMR038C,1.0,1.69
YMR128W,0.98,1.69
YNL239W,0.99,1.69
YOL034W,0.77,1.69
YDR156W,0.0,1.7
YDR292C,1.0,1.7
YER050C,0.0,1.7
YGL215W,0.0,1.7
YHR108W,1.0,1.7
YJL030W,0.0,1.7
YKR025W,0.91,1.7
YNR068C,0.26,1.7
YPL105C,0.98,1.7
YPR009W,0.0,1.7
YDR211W,1.0,1.71
YFL016C,0.0,1.71
YMR195W,0.0,1.71
YMR255W,0.0,1.71
YOR194C,0.0,1.71
YPL212C,1.0,1.71
YBL038W,0.0,1.72
YCR002C,0.99,1.72
YDR080W,0.0,1.72
YDR412W,0.0,1.72
YGR252W,0.43,1.72
YKL084W,0.0,1.72
YNR035C,1.0,1.72
YDR398W,0.73,1.73
YGR054W,1.0,1.73
YJR034W,0.0,1.73
YJR058C,0.0,1.73
YML065W,0.0,1.73
YNL168C,1.0,1.73
YPL111W,1.0,1.73
YPL263C,1.0,1.73
YBL036C,1.0,1.74
YBR112C,1.0,1.74
YGR007W,0.36,1.74
YMR099C,1.0,1.74
YOL081W,0.99,1.74
YOL145C,1.0,1.74
YPL051W,0.0,1.74
YBL032W,0.98,1.75
YDL226C,1.0,1.75
YDR280W,0.0,1.75
YNR037C,0.0,1.75
YNR069C,0.0,1.75
YOL005C,0.0,1.75
YDR007W,0.0,1.76
YJR069C,1.0,1.76
YML086C,1.0,1.76
YOL126C,0.0,1.76
YOR042W,1.0,1.76
YOR382W,0.0,1.76
YBR142W,1.0,1.77
YDR184C,0.0,1.77
YGR035C,0.0,1.77
YJL169W,0.0,1.77
YML133C,0.0,1.77
YDL166C,0.75,1.78
YDR472W,1.0,1.78
YLR172C,0.36,1.78
YLR206W,1.0,1.78
YMR225C,0.0,1.78
YOR238W,0.0,1.78
YPL210C,1.0,1.78
YDR170C,1.0,1.79
YER004W,0.0,1.79
YKL211C,1.0,1.79
YLR455W,0.0,1.79
YBR087W,0.99,1.8
YCR035C,0.0,1.8
YEL044W,0.0,1.8
YGR136W,1.0,1.8
YJR057W,0.0,1.8
YLR040C,0.0,1.8
YOL052C-A,0.0,1.8
YPL144W,0.0,1.8
YBL022C,1.0,1.81
YLR314C,1.0,1.81
YNL061W,1.0,1.81
YOR134W,0.0,1.81
YPR100W,0.0,1.81
YDR453C,0.47,1.82
YFR009W,1.0,1.82
YJR059W,0.96,1.82
YCR039C,0.0,1.83
YDL181W,0.0,1.83
YGL206C,1.0,1.83
YMR086C-A,0.0,1.83
YMR203W,1.0,1.83
YEL022W,1.0,1.84
YGL232W,0.69,1.84
YHR071W,0.0,1.84
YHR152W,0.0,1.84
YLR008C,0.99,1.84
YML113W,0.0,1.84
YNL306W,0.81,1.84
YOL049W,0.0,1.84
YPL032C,0.93,1.84
YDR234W,1.0,1.85
YGL097W,0.62,1.85
YJR144W,0.0,1.85
YLR427W,0.0,1.85
YML069W,0.99,1.85
YPL015C,0.0,1.85
YGR173W,1.0,1.86
YOL133W,0.0,1.86
YPL012W,1.0,1.86
YDL111C,0.98,1.87
YCL036W,0.0,1.88
YLR375W,0.55,1.88
YPL243W,0.46,1.88
YAL001C,1.0,1.89
YDR378C,1.0,1.89
YDR533C,0.85,1.89
YHR164C,0.54,1.89
YOR239W,1.0,1.89
YPL177C,0.0,1.89
YGR076C,0.0,1.9
YHR057C,0.0,1.9
YKR026C,0.77,1.9
YLL067C,0.0,1.9
YOR355W,0.43,1.9
YPR143W,0.0,1.9
YEL032W,0.95,1.91
YEL056W,0.0,1.91
YER003C,1.0,1.91
YJR017C,1.0,1.91
YKR068C,0.0,1.91
YDR047W,0.0,1.92
YIL011W,0.0,1.92
YIL129C,1.0,1.92
YJR086W,0.68,1.92
YBR017C,1.0,1.93
YDL031W,1.0,1.93
YHR136C,0.0,1.93
YOR294W,1.0,1.93
YHR018C,1.0,1.94
YHR113W,1.0,1.94
YHR196W,1.0,1.94
YPL123C,0.76,1.94
YPR112C,1.0,1.94
YBR052C,0.0,1.95
YDR087C,0.98,1.95
YJL122W,1.0,1.95
YLL066C,0.99,1.95
YNL177C,0.0,1.95
YEL011W,0.75,1.96
YNL084C,0.99,1.96
YOR176W,1.0,1.96
YPR169W,0.0,1.96
YDR031W,0.0,1.97
YOR197W,1.0,1.97
YBR126C,1.0,1.98
YDL144C,0.35,1.98
YFL036W,0.0,1.98
YLR292C,0.0,1.98
YLR429W,1.0,1.98
YDR376W,0.59,1.99
YGR142W,0.0,1.99
YLR003C,0.0,1.99
YAL059W,0.0,2.0
YML009C,0.0,2.0
YMR269W,0.28,2.0
YOR341W,1.0,2.0
YPL043W,1.0,2.0
YPL235W,0.99,2.0
YAL049C,1.0,2.01
YCL054W,1.0,2.01
YHR081W,0.33,2.01
YHR099W,1.0,2.01
YIL033C,1.0,2.01
YLR261C,0.0,2.01
YNL056W,0.0,2.01
YPR060C,0.59,2.01
YBR218C,1.0,2.02
YER080W,1.0,2.02
YGL019W,1.0,2.02
YML108W,0.0,2.02
YPR148C,1.0,2.02
YDL174C,1.0,2.03
YHL021C,0.99,2.03
YKR054C,1.0,2.03
YNL032W,0.0,2.03
YNL123W,0.55,2.03
YOR302W,0.0,2.03
YPL262W,1.0,2.03
YBL018C,0.34,2.04
YDL060W,1.0,2.04
YGR211W,1.0,2.04
YLR346C,0.0,2.04
YBR151W,0.97,2.05
YBR177C,0.99,2.05
YBR217W,0.0,2.05
YDL135C,1.0,2.05
YER088C,0.91,2.05
YGR128C,1.0,2.05
YHR083W,0.0,2.05
YNR001C,1.0,2.05
YOR342C,0.24,2.05
YAL046C,0.0,2.06
YBL007C,0.48,2.06
YBL064C,1.0,2.06
YDR122W,0.69,2.06
YKL019W,0.0,2.06
YNL154C,1.0,2.06
YER070W,1.0,2.07
YFR014C,0.0,2.07
YIL124W,0.95,2.07
YPR088C,1.0,2.07
YDL168W,1.0,2.08
YER086W,1.0,2.08
YOR159C,0.0,2.08
YBL024W,1.0,2.09
YDL171C,1.0,2.09
YDR303C,1.0,2.09
YNL045W,1.0,2.09
YDL195W,1.0,2.1
YDR214W,0.93,2.12
YER089C,1.0,2.12
YGR132C,1.0,2.12
YNL312W,0.0,2.12
YOR272W,0.91,2.12
YEL007W,0.0,2.13
YLR335W,1.0,2.13
YOR142W,1.0,2.13
YJL140W,0.94,2.14
YOR116C,0.99,2.14
YPL129W,1.0,2.14
YBR062C,0.76,2.15
YER037W,0.0,2.15
YER155C,1.0,2.15
YFR010W,1.0,2.15
YKR001C,1.0,2.15
YOR326W,1.0,2.15
YBR230C,0.99,2.16
YGR090W,1.0,2.16
YLR129W,0.74,2.16
YLR248W,0.93,2.16
YMR264W,1.0,2.16
YOR336W,0.99,2.16
YPR082C,0.0,2.16
YBL004W,0.41,2.17
YGL137W,1.0,2.17
YGR178C,0.0,2.17
YKR013W,0.0,2.17
YML121W,0.54,2.17
YOL012C,0.0,2.17
YPR181C,1.0,2.17
YDR258C,1.0,2.18
YDR373W,0.26,2.18
YFL010C,1.0,2.18
YGR200C,1.0,2.18
YPL091W,1.0,2.18
YPL199C,0.0,2.18
YGR208W,0.98,2.19
YNL037C,1.0,2.19
YDL028C,0.0,2.2
YIL112W,0.24,2.2
YLR217W,0.0,2.2
YNL232W,0.56,2.2
YKL099C,0.41,2.21
YDL039C,0.0,2.22
YJL157C,0.99,2.22
YOR051C,1.0,2.22
YOR108W,1.0,2.22
YOR164C,0.0,2.22
YDR168W,1.0,2.23
YGL091C,0.92,2.23
YGR083C,1.0,2.23
YJL123C,1.0,2.23
YJR101W,0.26,2.23
YMR015C,0.86,2.23
YOR124C,0.93,2.23
YDR368W,1.0,2.24
YMR261C,0.43,2.24
YDR339C,0.75,2.25
YOR041C,0.0,2.25
YCL028W,1.0,2.26
YGL100W,0.25,2.26
YGL068W,1.0,2.27
YJL225C,0.0,2.27
YPL226W,1.0,2.27
YDR074W,0.0,2.28
YEL077C,0.0,2.28
YLR370C,0.97,2.28
YGL195W,1.0,2.29
YPL009C,1.0,2.29
YBL006C,0.21,2.3
YDR496C,1.0,2.31
YGL120C,1.0,2.31
YHL050C,0.0,2.31
YPL088W,0.22,2.31
YDL219W,0.0,2.32
YGR017W,0.0,2.32
YKL142W,1.0,2.32
YBR291C,0.0,2.33
YEL071W,1.0,2.33
YGL020C,0.51,2.33
YKR085C,0.0,2.33
YML124C,1.0,2.33
YNR043W,1.0,2.33
YDR091C,1.0,2.34
YFL028C,0.97,2.34
YLR262C,0.0,2.34
YNR036C,0.0,2.34
YDR365C,1.0,2.35
YIL021W,0.99,2.35
YOR145C,0.0,2.35
YPR004C,1.0,2.35
YBL028C,0.0,2.36
YKL016C,1.0,2.36
YMR022W,0.0,2.36
YOR265W,1.0,2.36
YMR296C,1.0,2.37
YER103W,0.99,2.38
YGR167W,0.99,2.38
YKR092C,0.99,2.38
YNL002C,1.0,2.38
YMR049C,1.0,2.39
YNL307C,1.0,2.39
YOL123W,1.0,2.39
YAR008W,0.0,2.4
YBL045C,1.0,2.4
YGL040C,1.0,2.4
YGR272C,0.0,2.4
YPR160W,0.99,2.4
YER122C,0.99,2.41
YER048C,1.0,2.42
YKL109W,0.89,2.42
YLR089C,1.0,2.43
YLR258W,0.98,2.43
YNL075W,0.0,2.43
YNL088W,1.0,2.43
YOR340C,1.0,2.43
YDL040C,1.0,2.44
YGL207W,1.0,2.44
YGL221C,1.0,2.44
YGR151C,0.28,2.44
YLR028C,1.0,2.44
YKL163W,0.0,2.45
YOL124C,0.0,2.45
YKL160W,0.0,2.46
YNL231C,1.0,2.47
YCL031C,0.89,2.48
YDR083W,1.0,2.48
YLR351C,1.0,2.48
YMR286W,0.0,2.48
YMR020W,0.0,2.49
YOL059W,1.0,2.49
YOR304C-A,0.0,2.49
YOR305W,0.0,2.49
YCR016W,0.0,2.5
YGL157W,1.0,2.5
YJL161W,0.0,2.5
YOL041C,1.0,2.5
YBR173C,0.0,2.51
YFL018C,1.0,2.51
YHR052W,1.0,2.51
YNL247W,1.0,2.51
YOR117W,1.0,2.51
YER023W,1.0,2.52
YBR056W,1.0,2.53
YBR263W,1.0,2.53
YGR115C,0.0,2.53
YLR257W,0.99,2.53
YOR360C,0.94,2.53
YDR238C,1.0,2.54
YOR169C,0.26,2.54
YDR487C,1.0,2.55
YPR108W,1.0,2.55
YDR101C,1.0,2.56
YDR120C,1.0,2.56
YMR108W,1.0,2.56
YPR191W,1.0,2.56
YJR048W,1.0,2.57
YJR063W,1.0,2.57
YKR071C,0.76,2.57
YLR068W,0.0,2.57
YPL163C,0.92,2.58
YPL117C,0.99,2.59
YGL238W,1.0,2.6
YIL109C,1.0,2.6
YJR024C,0.95,2.6
YKL157W,1.0,2.6
YOL016C,0.0,2.6
YER146W,0.28,2.61
YGR063C,0.99,2.61
YLR420W,1.0,2.61
YKL082C,0.0,2.62
YNL189W,1.0,2.62
YDR502C,1.0,2.63
YJL008C,1.0,2.63
YLR017W,1.0,2.63
YMR316W,0.0,2.63
YDL140C,1.0,2.64
YBR206W,0.0,2.65
YNL315C,0.0,2.65
YOR344C,0.0,2.65
YFR015C,0.34,2.66
YKR048C,1.0,2.66
YML110C,1.0,2.66
YNL287W,1.0,2.66
YMR074C,0.0,2.67
YKR091W,0.54,2.68
YBR145W,0.0,2.69
YER049W,1.0,2.69
YCR009C,1.0,2.7
YFR051C,1.0,2.7
YMR039C,1.0,2.7
YMR309C,1.0,2.7
YOR206W,1.0,2.7
YBR035C,0.97,2.71
YNL308C,1.0,2.71
YCL040W,1.0,2.72
YER124C,0.0,2.72
YOR260W,0.0,2.72
YGL028C,0.21,2.73
YOR317W,1.0,2.73
YPR063C,0.98,2.73
YDL097C,1.0,2.74
YDR404C,0.8,2.76
YGR210C,1.0,2.76
YJL055W,1.0,2.76
YML085C,1.0,2.76
YIL034C,1.0,2.77
YKL029C,1.0,2.77
YNR017W,0.99,2.77
YBL058W,1.0,2.78
YJL014W,1.0,2.78
YDR212W,1.0,2.79
YIL041W,1.0,2.79
YGL029W,0.0,2.8
YKL007W,0.97,2.8
YBR158W,0.0,2.81
YCR020C-A,0.0,2.81
YDR194C,0.21,2.81
YPR204W,0.0,2.81
YER136W,1.0,2.82
YJL173C,0.99,2.82
YFL014W,1.0,2.83
YHR200W,1.0,2.83
YJR125C,0.0,2.84
YBR092C,0.99,2.85
YER091C,1.0,2.85
YGR061C,1.0,2.85
YJL111W,1.0,2.85
YDL173W,1.0,2.86
YER021W,1.0,2.86
YHL011C,1.0,2.86
YML040W,0.0,2.86
YFR037C,0.99,2.87
YKL114C,0.0,2.87
YFR052W,1.0,2.88
YJR065C,1.0,2.88
YFR004W,1.0,2.89
YGR024C,0.0,2.89
YEL024W,0.0,2.9
YER156C,1.0,2.9
YNL147W,0.93,2.9
YOL058W,1.0,2.9
YPR052C,1.0,2.9
YDL066W,1.0,2.91
YKL104C,1.0,2.91
YAR075W,0.0,2.92
YDR165W,1.0,2.92
YMR314W,1.0,2.92
YOR157C,0.0,2.92
YIL075C,1.0,2.93
YLR467W,0.0,2.93
YIL035C,0.0,2.94
YER052C,1.0,2.95
YIL142W,1.0,2.95
YLR432W,1.0,2.95
YBL113C,0.0,2.96
YOR303W,0.0,2.96
YBR223C,0.0,2.97
YDL078C,1.0,2.97
YDR001C,1.0,2.97
YCL050C,1.0,2.98
YBL091C,1.0,2.99
YCR082W,0.0,3.0
YGR186W,0.45,3.0
YER002W,0.0,3.01
YOL030W,1.0,3.01
YDR127W,1.0,3.02
YOR335C,1.0,3.02
YLR186W,0.0,3.03
YBR079C,1.0,3.04
YOR095C,1.0,3.04
YBR034C,1.0,3.05
YLR196W,1.0,3.05
YOR209C,1.0,3.05
YHR027C,1.0,3.06
YKL210W,1.0,3.06
YLR466W,0.0,3.06
YBL047C,1.0,3.07
YER190W,0.0,3.07
YGR267C,1.0,3.07
YER057C,1.0,3.08
YKL067W,1.0,3.08
YDR545W,0.0,3.09
YOR010C,0.0,3.09
YOR027W,1.0,3.09
YPR051W,0.0,3.1
YAL016W,1.0,3.12
YGR182C,0.0,3.12
YIL118W,0.59,3.13
YNL098C,0.97,3.13
YOR204W,1.0,3.13
YDR055W,1.0,3.14
YDR298C,1.0,3.15
YLL009C,0.0,3.15
YDR035W,1.0,3.16
YMR229C,1.0,3.16
YMR276W,1.0,3.16
YHR219W,0.0,3.17
YOR052C,0.0,3.17
YKL172W,1.0,3.2
YKL196C,1.0,3.2
YGL234W,1.0,3.22
YDR388W,1.0,3.23
YER110C,1.0,3.23
YGL048C,1.0,3.23
YHR051W,0.67,3.23
YPL273W,1.0,3.23
YDR190C,1.0,3.24
YNL104C,1.0,3.24
YDL086W,0.0,3.25
YHR170W,1.0,3.25
YIL008W,0.98,3.25
YKL024C,1.0,3.25
YLR276C,1.0,3.25
YML016C,1.0,3.27
YNR051C,0.67,3.27
YGR229C,1.0,3.28
YGR296W,0.0,3.28
YMR131C,1.0,3.28
YOR383C,0.0,3.28
YER126C,0.26,3.32
YLR179C,1.0,3.32
YDR045C,0.97,3.33
YHR008C,1.0,3.35
YIL138C,1.0,3.35
YIL115C,1.0,3.36
YJL080C,1.0,3.36
YNL131W,1.0,3.36
YPR010C,1.0,3.36
YOR061W,0.99,3.37
YFL022C,1.0,3.38
YIL094C,1.0,3.4
YEL058W,1.0,3.42
YJR014W,0.99,3.42
YOR184W,1.0,3.44
YMR246W,1.0,3.45
YLR244C,1.0,3.46
YBR234C,0.64,3.47
YBL001C,0.0,3.48
YPL010W,0.0,3.48
YKL066W,0.0,3.49
YDL213C,0.94,3.5
YMR045C,0.68,3.5
YNL070W,0.0,3.5
YMR241W,1.0,3.51
YER062C,0.0,3.53
YKL013C,0.0,3.53
YNL339C,0.0,3.54
YNL110C,1.0,3.55
YMR235C,1.0,3.56
YDR516C,0.0,3.57
YIL062C,1.0,3.58
YKR043C,1.0,3.58
YFR053C,1.0,3.59
YBR111C,0.96,3.6
YDL145C,1.0,3.6
YMR226C,1.0,3.6
YGR020C,1.0,3.61
YPL135W,0.0,3.61
YPL145C,1.0,3.61
YCL009C,1.0,3.62
YGR264C,1.0,3.65
YML092C,1.0,3.65
YPL093W,1.0,3.66
YPL283C,0.0,3.66
YEL051W,1.0,3.69
YNL138W,1.0,3.7
YOR323C,1.0,3.7
YBL041W,1.0,3.72
YGR162W,1.0,3.72
YDL029W,1.0,3.73
YKL122C,1.0,3.73
YKL190W,0.0,3.73
YPR118W,0.99,3.73
YHR049W,1.0,3.75
YJL001W,0.0,3.75
YLR208W,1.0,3.75
YDL007W,1.0,3.78
YDR432W,1.0,3.78
YKL054C,1.0,3.78
YOR232W,1.0,3.78
YCL030C,1.0,3.79
YGR253C,1.0,3.8
YGL173C,1.0,3.82
YPR016C,1.0,3.82
YCR004C,1.0,3.83
YDL051W,1.0,3.83
YDL153C,1.0,3.84
YLL008W,1.0,3.85
YOR259C,1.0,3.85
YGR280C,0.0,3.86
YNL071W,1.0,3.86
YDL092W,0.99,3.89
YBL076C,1.0,3.9
YEL046C,1.0,3.9
YIL076W,0.95,3.9
YJR016C,1.0,3.91
YGR094W,1.0,3.93
YKL145W,1.0,3.93
YLR330W,0.97,3.93
YDL124W,1.0,3.94
YOR361C,1.0,3.95
YDR172W,1.0,3.96
YNL113W,1.0,3.96
YDR328C,0.0,3.97
YMR072W,1.0,3.98
YOL061W,1.0,3.98
YOL097C,1.0,3.99
YCL035C,1.0,4.0
YEL018W,0.0,4.01
YGR185C,1.0,4.01
YNL134C,1.0,4.01
YDR129C,1.0,4.02
YER006W,1.0,4.03
YOR253W,0.0,4.03
YDL004W,1.0,4.04
YDR346C,1.0,4.05
YFR050C,0.98,4.05
YNR053C,1.0,4.06
YBL099W,1.0,4.07
YBR149W,1.0,4.09
YPL160W,1.0,4.09
YBR084W,1.0,4.11
YOR261C,1.0,4.11
YPL271W,0.73,4.11
YPL211W,0.96,4.13
YDL070W,0.0,4.15
YDL157C,0.0,4.15
YLR153C,1.0,4.15
YIR037W,0.94,4.17
YLR113W,1.0,4.17
YDR139C,0.0,4.18
YJR070C,1.0,4.18
YOL077C,1.0,4.18
YDL143W,1.0,4.21
YBR088C,1.0,4.22
YHR163W,1.0,4.22
YBL039C,1.0,4.23
YGL187C,1.0,4.23
YGR184C,0.99,4.23
YNL066W,0.0,4.24
YGR135W,1.0,4.25
YOR151C,1.0,4.28
YIL123W,0.0,4.29
YDR210W,0.0,4.31
YLR192C,1.0,4.31
YGR204W,1.0,4.33
YNL007C,1.0,4.33
YOR046C,1.0,4.34
YLR216C,1.0,4.37
YDR394W,1.0,4.38
YJR027W,0.0,4.38
YPL048W,1.0,4.39
YJR077C,1.0,4.4
YLR327C,0.0,4.4
YCL011C,1.0,4.42
YNR050C,1.0,4.42
YML022W,1.0,4.43
YPR187W,1.0,4.43
YDL182W,1.0,4.44
YMR145C,1.0,4.44
YDL147W,0.97,4.45
YLR100W,1.0,4.45
YLR449W,1.0,4.45
YER025W,1.0,4.46
YDR483W,1.0,4.48
YLR301W,1.0,4.5
YHR128W,1.0,4.51
YMR315W,1.0,4.55
YKR074W,0.0,4.57
YGL148W,1.0,4.61
YPR069C,1.0,4.64
YBL077W,0.23,4.68
YPL061W,1.0,4.7
YGL202W,1.0,4.71
YMR079W,1.0,4.71
YHR146W,1.0,4.72
YOR187W,1.0,4.72
YMR205C,1.0,4.74
YER138C,0.0,4.78
YBR154C,1.0,4.79
YDR341C,1.0,4.79
YDR188W,1.0,4.83
YJL130C,1.0,4.83
YDR099W,0.99,4.84
YER165W,1.0,4.84
YGL078C,1.0,4.85
YPR163C,1.0,4.86
YNR016C,1.0,4.87
YER036C,1.0,4.88
YML074C,1.0,4.9
YMR146C,1.0,4.9
YNL208W,1.0,4.93
YAR015W,1.0,4.94
YJR029W,0.0,4.94
YPR033C,1.0,4.94
YER133W,0.99,4.98
YJR105W,1.0,4.98
YLR038C,0.21,4.99
YOR021C,1.0,4.99
YOR168W,1.0,4.99
YGR103W,1.0,5.01
YDL100C,1.0,5.03
YNL010W,1.0,5.06
YAL044C,1.0,5.07
YER012W,1.0,5.09
YOL038W,1.0,5.1
YDL185W,1.0,5.11
YAR010C,0.0,5.15
YHR020W,1.0,5.15
YER011W,0.0,5.16
YKL035W,1.0,5.16
YHR042W,1.0,5.18
YHR143W,0.0,5.2
YDR381W,1.0,5.22
YMR321C,0.0,5.22
YPR110C,1.0,5.24
YMR297W,0.0,5.25
YDR427W,1.0,5.27
YOR362C,1.0,5.28
YOL143C,1.0,5.3
YKL080W,1.0,5.35
YAL035W,1.0,5.37
YCR028C-A,0.0,5.41
YFL037W,1.0,5.44
YOR247W,0.0,5.44
YER007C-A,1.0,5.45
YOR332W,1.0,5.48
YCR053W,1.0,5.55
YLR060W,1.0,5.55
YKL181W,0.94,5.56
YLR304C,1.0,5.58
YPL078C,1.0,5.6
YDR461W,0.0,5.62
YOR198C,1.0,5.7
YGL026C,1.0,5.73
YJR007W,1.0,5.73
YDL016C,0.0,5.74
YPL225W,1.0,5.74
YOR136W,1.0,5.75
YDL022W,1.0,5.77
YJL171C,0.99,5.77
YLR027C,1.0,5.79
YDR304C,1.0,5.81
YPL004C,1.0,5.81
YDR032C,1.0,5.84
YGL106W,1.0,5.85
YPR103W,0.0,5.91
YML056C,1.0,5.95
YBR109C,1.0,5.96
YML078W,0.99,5.96
YDR071C,1.0,5.98
YOR210W,0.0,5.99
YDR529C,0.99,6.03
YJR045C,1.0,6.13
YNL016W,0.98,6.13
YLR229C,0.98,6.14
YPR062W,1.0,6.15
YFL031W,0.0,6.16
YNL327W,0.0,6.19
YDL126C,1.0,6.23
YNL112W,1.0,6.23
YPL081W,0.0,6.23
YDR510W,1.0,6.24
YHR025W,1.0,6.28
YKL182W,1.0,6.28
YLR180W,1.0,6.3
YLR354C,1.0,6.4
YLL018C,1.0,6.41
YPL028W,1.0,6.41
YPL231W,1.0,6.44
YBR249C,1.0,6.47
YPR044C,0.0,6.51
YJL188C,0.0,6.53
YFR044C,1.0,6.54
YFL005W,1.0,6.58
YLR359W,1.0,6.62
YBR067C,0.0,6.63
YJL167W,1.0,6.64
YDR174W,1.0,6.67
YGL037C,1.0,6.67
YOR375C,1.0,6.73
YDL084W,1.0,6.75
YLR175W,1.0,6.79
YFL038C,1.0,6.81
YJR064W,1.0,6.81
YLR447C,1.0,6.81
YJL026W,1.0,6.9
YJR148W,1.0,6.93
YPL237W,1.0,6.93
YHR019C,1.0,6.95
YHR068W,1.0,7.01
YKL085W,1.0,7.01
YMR318C,1.0,7.07
YPR036W,1.0,7.1
YDR454C,1.0,7.24
YDL125C,1.0,7.3
YNL220W,1.0,7.3
YHL034C,1.0,7.31
YML126C,1.0,7.31
YLR344W,0.0,7.33
YOR285W,1.0,7.34
YPL240C,1.0,7.35
YDR399W,1.0,7.37
YGR240C,1.0,7.41
YJR121W,1.0,7.41
YOR007C,1.0,7.42
YJL159W,0.2,7.51
YNL160W,0.81,7.51
YML058W,0.58,7.53
YER009W,1.0,7.54
YNL064C,1.0,7.58
YGR086C,1.0,7.59
YGL105W,1.0,7.62
YHR208W,1.0,7.66
YKL164C,0.0,7.7
YMR217W,1.0,7.72
YBR221C,1.0,7.79
YMR120C,1.0,7.91
YJR047C,0.95,7.92
YDR037W,1.0,7.93
YMR230W,1.0,7.94
YGR155W,1.0,7.95
YOL139C,1.0,8.03
YKL117W,1.0,8.07
YOR248W,0.0,8.09
YDR433W,0.0,8.12
YGL011C,1.0,8.17
YER055C,1.0,8.22
YGR124W,1.0,8.22
YNL079C,1.0,8.24
YGR008C,0.0,8.26
YEL040W,0.88,8.27
YHR064C,1.0,8.29
YDR429C,1.0,8.34
YNL190W,0.0,8.4
YGR159C,1.0,8.47
YPR145W,1.0,8.48
YBR286W,1.0,8.52
YFL045C,1.0,8.54
YBR127C,1.0,8.56
YML008C,1.0,8.73
YLR198C,0.0,8.79
YOR020C,1.0,8.89
YKL216W,1.0,8.93
YAL012W,1.0,8.94
YGL245W,1.0,8.98
YPL218W,1.0,9.12
YDL137W,0.0,9.22
YML106W,1.0,9.35
YER178W,1.0,9.38
YDR353W,1.0,9.39
YGR180C,1.0,9.43
YHR162W,0.0,9.43
YLL026W,1.0,9.45
YPL106C,1.0,9.45
YPR074C,1.0,9.45
YBR143C,1.0,9.46
YOR310C,1.0,9.72
YAL005C,1.0,9.78
YBR011C,1.0,9.78
YOR122C,1.0,9.79
YDR023W,1.0,9.86
YBR025C,1.0,9.88
YLR355C,1.0,10.01
YLR259C,1.0,10.09
YHR089C,1.0,10.17
YOR230W,1.0,10.2
YHR179W,1.0,10.23
YBL002W,0.0,10.55
YLR293C,1.0,10.67
YLR197W,1.0,10.72
YCL043C,1.0,10.88
YHR183W,1.0,10.88
YLR286C,0.0,10.91
YBR121C,1.0,11.11
YPR035W,0.9,11.15
YDL014W,1.0,11.29
YPL142C,0.0,11.47
YNL244C,1.0,11.7
YDL055C,1.0,11.72
YHR141C,0.0,11.76
YMR303C,1.0,11.92
YDR002W,1.0,12.05
YGL009C,1.0,12.24
YGR285C,1.0,12.32
YMR251W,0.0,12.35
YBR048W,1.0,12.64
YIL051C,1.0,12.67
YGR037C,1.0,12.7
YGR279C,0.99,12.81
YLR300W,1.0,13.1
YEL026W,1.0,13.19
YPL154C,1.0,13.31
YER056C-A,0.0,13.39
YBR189W,1.0,13.47
YGL253W,1.0,13.59
YBR162C,0.99,13.71
YMR083W,1.0,13.8
YNL067W,1.0,13.82
YNL135C,1.0,13.82
YMR142C,1.0,14.17
YMR186W,1.0,14.23
YNL301C,0.0,14.3
YLR058C,1.0,14.44
YPL198W,1.0,14.5
YLR076C,0.0,14.85
YLR303W,0.6,14.89
YLL050C,1.0,15.07
YBR009C,1.0,15.61
YDL229W,1.0,15.62
YLL044W,0.0,15.74
YLR406C,1.0,15.82
YIL078W,1.0,16.0
YGR209C,1.0,16.2
YJL177W,0.99,16.3
YHR193C,1.0,16.37
YJL138C,0.0,16.52
YLR134W,1.0,16.64
YNL030W,0.0,16.81
YDR226W,1.0,17.0
YKL153W,0.0,17.1
YEL034W,1.0,17.12
YHL033C,1.0,17.21
YPL090C,0.0,17.26
YMR194W,1.0,17.39
YOR167C,0.0,17.41
YER131W,1.0,17.49
YIL053W,1.0,17.56
YPL037C,1.0,18.37
YMR307W,1.0,18.53
YDL061C,0.0,18.54
YNL096C,1.0,18.59
YER043C,1.0,18.8
YBR196C,1.0,19.17
YHL001W,0.0,19.5
YDL082W,0.0,19.52
YBL003C,0.0,19.58
YDR012W,1.0,20.41
YEL009C,0.0,20.43
YER074W,0.0,20.44
YLR109W,1.0,20.55
YJL158C,0.0,20.76
YNL069C,1.0,20.84
YJR104C,1.0,21.39
YDL136W,1.0,21.49
YGR234W,1.0,21.66
YIL148W,0.0,21.77
YLR264W,1.0,21.78
YLR062C,0.0,21.81
YLR448W,1.0,21.93
YGR214W,0.0,21.97
YDR450W,0.0,21.98
YIL133C,1.0,22.3
YLL024C,1.0,22.55
YDR385W,1.0,23.23
YML024W,1.0,23.4
YPR043W,0.0,23.61
YML063W,1.0,23.66
YOL127W,1.0,23.7
YOR234C,1.0,24.11
YDL192W,1.0,24.24
YLR185W,0.0,24.65
YHR053C,0.0,24.81
YDR077W,0.0,25.25
YBR118W,0.0,25.3
YNL055C,1.0,25.38
YAL003W,1.0,25.55
YHR055C,0.0,25.62
YDL083C,0.0,25.78
YLR441C,1.0,25.88
YOR312C,0.0,25.95
YOL109W,1.0,26.07
YMR143W,1.0,26.18
YOL121C,1.0,26.25
YCR013C,0.0,26.31
YLR167W,1.0,26.75
YKL006W,1.0,27.12
YDR471W,1.0,27.16
YGR282C,0.21,27.3
YDL081C,1.0,27.31
YDR064W,1.0,27.31
YDR224C,1.0,27.53
YLR388W,0.56,27.54
YKL081W,1.0,27.58
YNL302C,0.0,27.65
YDR500C,0.0,28.05
YLR150W,1.0,28.06
YER177W,1.0,28.3
YBL092W,1.0,28.78
YJR145C,1.0,28.93
YBL027W,0.0,29.0
YLR333C,0.0,29.45
YKL056C,1.0,29.46
YPL143W,1.0,29.58
YGL030W,1.0,29.71
YML073C,1.0,29.82
YBR181C,1.0,30.04
YMR242C,1.0,30.05
YLR325C,1.0,30.55
YLL045C,1.0,30.6
YDR050C,1.0,30.67
YKL180W,1.0,30.67
YGR034W,1.0,30.79
YLR061W,1.0,30.84
YOR096W,1.0,30.86
YLR287C-A,0.0,30.97
YPR102C,1.0,31.29
YGL076C,0.0,32.06
YBR010W,0.0,32.24
YBR031W,1.0,32.25
YGL103W,1.0,32.85
YBL087C,1.0,33.07
YDR447C,0.0,33.98
YLR110C,0.0,34.5
YPL079W,0.0,35.48
YJL190C,0.0,36.45
YCR031C,0.0,36.79
YOL039W,1.0,36.82
YOR063W,1.0,37.51
YKR057W,1.0,37.68
YOR182C,0.0,37.85
YIL018W,0.0,38.32
YLR029C,1.0,38.4
YJL052W,1.0,38.54
YFL039C,1.0,39.01
YLR340W,1.0,39.32
YDR418W,1.0,39.74
YLR249W,1.0,39.96
YBL072C,0.0,41.1
YDL075W,0.0,41.32
YHR203C,0.0,41.58
YGR254W,1.0,41.85
YOL086C,1.0,42.69
YER117W,0.0,43.96
YGR085C,0.0,45.73
YPL131W,1.0,48.72
YBR191W,1.0,49.18
YGR118W,1.0,49.25
YGR027C,0.99,51.64
YMR116C,1.0,52.33
YPL220W,0.0,52.4
YHR021C,0.99,52.46
YJR123W,1.0,52.84
YGR148C,0.42,53.06
YOR369C,1.0,53.8
YOL040C,1.0,55.49
YHL015W,1.0,57.12
YJR009C,1.0,61.55
YGL123W,1.0,62.41
YLR075W,1.0,64.25
YGL189C,0.0,64.82
YER102W,1.0,66.87
YAL038W,1.0,74.36
YDR382W,1.0,84.12
YCR012W,1.0,110.01
YKL152C,1.0,122.05
YDL184C,0.0,125.56
YLR044C,1.0,138.72
YKL060C,1.0,153.36
YHR174W,1.0,226.55
