protein_id,integer_id
YNR077C,0
YDR444W,1
YHR213W,2
YLR465C,3
YDR543C,4
YCR038C,5
YJL221C,6
YIL055C,7
YGL175C,8
YCR091W,9
YER096W,10
YFL058W,11
YGL075C,12
YJL083W,13
YJR153W,14
YOL157C,15
YEL075C,16
YER189W,17
YIL160C,18
YFL056C,19
YCL068C,20
YFL065C,21
YFR022W,22
YOL161C,23
YDR369C,24
YDR403W,25
YIL172C,26
YJR155W,27
YLR156W,28
YLR464W,29
YBL080C,30
YFL064C,31
YGR110W,32
YPR202W,33
YIR039C,34
YJL103C,35
YLR054C,36
YBR297W,37
YER158C,38
YER188W,39
YFR017C,40
YGR287C,41
YIL028W,42
YJR053W,43
YJR154W,44
YKL224C,45
YOR156C,46
YEL076C,47
YGR088W,48
YIR030C,49
YLR462W,50
YER101C,51
YHR105W,52
YBR239C,53
YDL021W,54
YHR212C,55
YIR025W,56
YLR161W,57
YER179W,58
YFR029W,59
YGR058W,60
YHR011W,61
YIR042C,62
YMR154C,63
YDR254W,64
YDR263C,65
YER040W,66
YFL060C,67
YGL081W,68
YHR171W,69
YIL082W,70
YNL093W,71
YOR237W,72
YAR035W,73
YGR153W,74
YKL055C,75
YBL103C,76
YBR233W,77
YGR239C,78
YKL098W,79
YLL056C,80
YNL325C,81
YOR003W,82
YPR001W,83
YBR138C,84
YDL017W,85
YER015W,86
YFR021W,87
YHR035W,88
YIL061C,89
YJR156C,90
YMR204C,91
YMR213W,92
YDR043C,93
YER018C,94
YER084W,95
YGL194C,96
YGR006W,97
YKR019C,98
YLR431C,99
YML050W,100
YOL067C,101
YAR060C,102
YCL051W,103
YDR076W,104
YDR330W,105
YLR213C,106
YNL277W,107
YOL104C,108
YPR203W,109
YBR003W,110
YBR270C,111
YDL244W,112
YER041W,113
YGL003C,114
YGL144C,115
YHR006W,116
YIL003W,117
YIR009W,118
YKL095W,119
YKR097W,120
YML042W,121
YNL012W,122
YOR137C,123
YBL037W,124
YDL183C,125
YGR126W,126
YMR137C,127
YBR044C,128
YBR280C,129
YBR301W,130
YDR252W,131
YDR313C,132
YDR317W,133
YDR515W,134
YFL020C,135
YGL199C,136
YHL019C,137
YHR178W,138
YIL097W,139
YMR041C,140
YNR073C,141
YOL165C,142
YBL019W,143
YDL139C,144
YDR123C,145
YDR439W,146
YER097W,147
YER109C,148
YGL179C,149
YHL006C,150
YHR137W,151
YKL222C,152
YMR114C,153
YOR313C,154
YBR102C,155
YBR131W,156
YCR019W,157
YCR102C,158
YDR277C,159
YDR419W,160
YER170W,161
YFR008W,162
YGR068C,163
YIR007W,164
YJL100W,165
YJR146W,166
YKL162C,167
YLR394W,168
YMR007W,169
YOL066C,170
YOL164W,171
YPL249C,172
YAR053W,173
YAR068W,174
YDR109C,175
YDR499W,176
YGL064C,177
YGR154C,178
YIL001W,179
YIL024C,180
YIL073C,181
YJL141C,182
YKL218C,183
YKR101W,184
YLL058W,185
YML037C,186
YMR018W,187
YOR077W,188
YCR006C,189
YDR332W,190
YDR421W,191
YGL176C,192
YGR205W,193
YHR067W,194
YHR218W,195
YIR032C,196
YJR159W,197
YNL210W,198
YER121W,199
YHR054C,200
YJR107W,201
YKR098C,202
YLR313C,203
YMR053C,204
YNL171C,205
YNL314W,206
YNL317W,207
YOL135C,208
YOR005C,209
YOR284W,210
YOR380W,211
YPR068C,212
YBL010C,213
YER038C,214
YFR007W,215
YGL045W,216
YGR288W,217
YHR157W,218
YJL218W,219
YLR349W,220
YMR084W,221
YNL223W,222
YOR178C,223
YOR333C,224
YPL272C,225
YBL029W,226
YBL111C,227
YDR131C,228
YDR320C,229
YDR358W,230
YDR425W,231
YDR488C,232
YGL174W,233
YIL071C,234
YKL048C,235
YKL071W,236
YKL208W,237
YLR121C,238
YMR016C,239
YMR156C,240
YOL141W,241
YOR113W,242
YAL061W,243
YCR027C,244
YDR446W,245
YDR495C,246
YER076C,247
YGL025C,248
YGL096W,249
YGL212W,250
YHL014C,251
YHR214W,252
YIL164C,253
YJL102W,254
YJR011C,255
YJR147W,256
YLL033W,257
YLR123C,258
YML068W,259
YOL113W,260
YOL114C,261
YPL113C,262
YPL222W,263
YBR060C,264
YGL197W,265
YGR099W,266
YGR179C,267
YHR176W,268
YJL149W,269
YJR149W,270
YKL132C,271
YLR176C,272
YML002W,273
YMR168C,274
YNL025C,275
YOR022C,276
YOR040W,277
YPL155C,278
YBL106C,279
YBR057C,280
YDR273W,281
YDR426C,282
YEL057C,283
YEL070W,284
YEL072W,285
YGL017W,286
YGL063W,287
YGR046W,288
YLR142W,289
YML054C,290
YMR265C,291
YPR111W,292
YCL049C,293
YCR099C,294
YDL025C,295
YDR185C,296
YEL049W,297
YGR104C,298
YGR122W,299
YHL010C,300
YJR039W,301
YMR180C,302
YMR210W,303
YNL293W,304
YOR070C,305
YBR047W,306
YBR114W,307
YBR203W,308
YBR227C,309
YDR173C,310
YDR386W,311
YGL143C,312
YGL251C,313
YGR169C,314
YJL106W,315
YKL161C,316
YLL002W,317
YMR048W,318
YPL151C,319
YPR049C,320
YBR020W,321
YBR237W,322
YDL146W,323
YDR240C,324
YFR013W,325
YGL052W,326
YGL229C,327
YGL261C,328
YGR003W,329
YHR184W,330
YHR209W,331
YKR017C,332
YKR077W,333
YKR104W,334
YLR453C,335
YMR085W,336
YOL154W,337
YOR025W,338
YOR111W,339
YDL129W,340
YDR422C,341
YER180C,342
YIL101C,343
YJL147C,344
YKL005C,345
YKR020W,346
YLR006C,347
YLR128W,348
YMR064W,349
YNL106C,350
YNR023W,351
YOL017W,352
YPL029W,353
YPL109C,354
YBR050C,355
YBR107C,356
YDR223W,357
YGL156W,358
YGR238C,359
YHR033W,360
YJR036C,361
YJR115W,362
YKL139W,363
YKL198C,364
YKR064W,365
YKR078W,366
YLL019C,367
YMR163C,368
YMR167W,369
YNL127W,370
YOR193W,371
YPL108W,372
YPL114W,373
YPL164C,374
YAL032C,375
YCR092C,376
YDR138W,377
YDR191W,378
YDR423C,379
YER116C,380
YGR050C,381
YGR196C,382
YGR248W,383
YIR041W,384
YMR262W,385
YNL148C,386
YNL254C,387
YPL174C,388
YDL154W,389
YDR147W,390
YDR249C,391
YGL128C,392
YHR116W,393
YIL092W,394
YIL153W,395
YJL156C,396
YKR023W,397
YMR098C,398
YMR227C,399
YNL082W,400
YOR386W,401
YPL140C,402
YPL278C,403
YPR171W,404
YPR179C,405
YAL002W,406
YBR032W,407
YBR197C,408
YBR204C,409
YCL063W,410
YDR096W,411
YDR490C,412
YER104W,413
YGL227W,414
YJR103W,415
YKL089W,416
YLR266C,417
YLR424W,418
YMR032W,419
YOL015W,420
YOR388C,421
YPL005W,422
YBL023C,423
YBR176W,424
YBR194W,425
YBR260C,426
YDL175C,427
YDR014W,428
YFR020W,429
YGR010W,430
YJR035W,431
YKR022C,432
YLR024C,433
YML109W,434
YNL203C,435
YOR090C,436
YOR200W,437
YPL080C,438
YBR001C,439
YDL059C,440
YDL233W,441
YDR118W,442
YDR142C,443
YDR482C,444
YDR534C,445
YGL060W,446
YIL050W,447
YIL159W,448
YJL107C,449
YJL185C,450
YLR392C,451
YMR268C,452
YNL187W,453
YOR155C,454
YPR184W,455
YDL176W,456
YDR336W,457
YFR016C,458
YHL009C,459
YKL038W,460
YKR058W,461
YLR055C,462
YLR091W,463
YLR233C,464
YLR381W,465
YLR460C,466
YMR198W,467
YNL167C,468
YOR275C,469
YPR045C,470
YDR528W,471
YGL254W,472
YHL004W,473
YHL046C,474
YIL137C,475
YJR050W,476
YKL023W,477
YKR045C,478
YLR010C,479
YLR320W,480
YMR087W,481
YMR136W,482
YMR138W,483
YMR144W,484
YMR232W,485
YOR037W,486
YOR107W,487
YAL054C,488
YBR141C,489
YBR148W,490
YBR251W,491
YCL016C,492
YDL205C,493
YDR066C,494
YDR183W,495
YDR197W,496
YDR202C,497
YDR362C,498
YJL024C,499
YJL025W,500
YJL049W,501
YKL011C,502
YKL090W,503
YKL215C,504
YLL038C,505
YLL060C,506
YMR066W,507
YMR070W,508
YMR075W,509
YNL144C,510
YNL173C,511
YNL295W,512
YOL028C,513
YOR126C,514
YOR279C,515
YOR350C,516
YPR061C,517
YPR158W,518
YDL107W,519
YDL203C,520
YDR315C,521
YDR520C,522
YGL163C,523
YHR031C,524
YHR129C,525
YHR131C,526
YJL057C,527
YLR082C,528
YMR096W,529
YMR160W,530
YMR223W,531
YMR288W,532
YNL218W,533
YNL249C,534
YNL328C,535
YOR019W,536
YOR249C,537
YOR296W,538
YPL255W,539
YBR063C,540
YBR195C,541
YCR089W,542
YDL057W,543
YDR242W,544
YHR091C,545
YHR111W,546
YJR119C,547
YLR253W,548
YLR362W,549
YLR396C,550
YLR417W,551
YOR028C,552
YOR162C,553
YPL191C,554
YDL127W,555
YDL179W,556
YER077C,557
YER143W,558
YFR038W,559
YGL073W,560
YGL162W,561
YGL243W,562
YGR015C,563
YGR258C,564
YGR271W,565
YHR022C,566
YHR202W,567
YJL060W,568
YJL181W,569
YJR097W,570
YJR122W,571
YJR136C,572
YLR369W,573
YLR456W,574
YMR234W,575
YMR250W,576
YNR058W,577
YOR181W,578
YDL024C,579
YDR103W,580
YER013W,581
YFR039C,582
YGL083W,583
YHR182W,584
YJR008W,585
YJR130C,586
YKL052C,587
YKL079W,588
YMR065W,589
YMR224C,590
YMR320W,591
YNL073W,592
YOL054W,593
YOL095C,594
YPR178W,595
YAL034C,596
YAR019C,597
YBR259W,598
YDL108W,599
YDL238C,600
YDR181C,601
YDR253C,602
YDR466W,603
YGL108C,604
YGL125W,605
YGL248W,606
YGR256W,607
YHR168W,608
YIR003W,609
YJL087C,610
YJL203W,611
YJL204C,612
YJL210W,613
YLR033W,614
YLR278C,615
YLR288C,616
YLR319C,617
YLR461W,618
YML088W,619
YMR231W,620
YOR018W,621
YOR274W,622
YPL116W,623
YPR099C,624
YPR161C,625
YBR007C,626
YBR157C,627
YCL008C,628
YCL047C,629
YDR137W,630
YDR524C,631
YER157W,632
YGR043C,633
YGR161C,634
YGR163W,635
YHL049C,636
YHR058C,637
YHR061C,638
YJL073W,639
YJL162C,640
YKL103C,641
YLR317W,642
YLR451W,643
YMR104C,644
YMR127C,645
YMR192W,646
YNL170W,647
YNR032W,648
YOR035C,649
YOR347C,650
YPL119C,651
YPL233W,652
YPL236C,653
YPR046W,654
YAL062W,655
YBL084C,656
YBR046C,657
YBR058C,658
YBR258C,659
YCR081W,660
YCR097W,661
YDR169C,662
YER078C,663
YER128W,664
YFL023W,665
YFL066C,666
YGL095C,667
YHR016C,668
YHR090C,669
YIL059C,670
YIL122W,671
YJL116C,672
YKR055W,673
YLR318W,674
YML099C,675
YML107C,676
YNL049C,677
YNL063W,678
YNL215W,679
YOL025W,680
YOL155C,681
YOR289W,682
YPL042C,683
YPL096W,684
YDR350C,685
YDR363W,686
YDR489W,687
YFL027C,688
YGL093W,689
YGL155W,690
YGR091W,691
YGR170W,692
YHR173C,693
YJL023C,694
YJR046W,695
YKL155C,696
YKR046C,697
YLR127C,698
YLR368W,699
YNL035C,700
YNL057W,701
YNL260C,702
YNL282W,703
YNR004W,704
YPL120W,705
YPR013C,706
YPR025C,707
YPR083W,708
YDR111C,709
YDR409W,710
YER069W,711
YER132C,712
YER142C,713
YER168C,714
YGL164C,715
YHR134W,716
YIL056W,717
YIL084C,718
YJL199C,719
YJL213W,720
YJR114W,721
YKL148C,722
YKL197C,723
YKR004C,724
YLR063W,725
YLR434C,726
YMR081C,727
YMR097C,728
YNL193W,729
YNL245C,730
YPL045W,731
YPL253C,732
YBL021C,733
YDR539W,734
YER066W,735
YER130C,736
YFR036W,737
YGL131C,738
YGL136C,739
YGR064W,740
YHR077C,741
YHR186C,742
YJR099W,743
YKL018W,744
YLR117C,745
YLR284C,746
YML032C,747
YML076C,748
YOL083W,749
YOR038C,750
YOR129C,751
YOR130C,752
YOR269W,753
YPL213W,754
YPL268W,755
YBL008W,756
YBL025W,757
YBL060W,758
YCL042W,759
YDL090C,760
YDR082W,761
YDR106W,762
YDR288W,763
YDR311W,764
YHR100C,765
YJL035C,766
YJR110W,767
YKR037C,768
YLL064C,769
YLR240W,770
YLR439W,771
YML112W,772
YNL164C,773
YNL274C,774
YOL072W,775
YOL096C,776
YPL110C,777
YBR128C,778
YCR065W,779
YCR073C,780
YDR239C,781
YGR070W,782
YHR080C,783
YHR156C,784
YKL169C,785
YKL183W,786
YLR189C,787
YML095C,788
YMR021C,789
YMR036C,790
YMR166C,791
YMR216C,792
YMR283C,793
YNL047C,794
YNL234W,795
YNL304W,796
YOR242C,797
YPL035C,798
YPL069C,799
YPL251W,800
YPR070W,801
YBR169C,802
YDL109C,803
YDL197C,804
YDR088C,805
YEL016C,806
YEL073C,807
YGR150C,808
YHL022C,809
YHR161C,810
YHR166C,811
YIR036C,812
YJL036W,813
YJL187C,814
YJR066W,815
YKL111C,816
YLR014C,817
YMR113W,818
YMR228W,819
YNL023C,820
YNL133C,821
YOR195W,822
YOR352W,823
YPR006C,824
YBR012C,825
YDL033C,826
YDR260C,827
YER153C,828
YFR025C,829
YGL201C,830
YGR250C,831
YHR017W,832
YHR115C,833
YIL165C,834
YJR056C,835
YKL049C,836
YNL161W,837
YNL289W,838
YOL063C,839
YOR033C,840
YPL148C,841
YPL175W,842
YPR141C,843
YPR185W,844
YPR186C,845
YCR032W,846
YDR058C,847
YDR493W,848
YER111C,849
YGL166W,850
YGR102C,851
YIL002C,852
YIL046W,853
YJL044C,854
YJL081C,855
YJL084C,856
YJR021C,857
YKR007W,858
YLR247C,859
YLR263W,860
YLR383W,861
YMR086W,862
YMR132C,863
YMR271C,864
YNL202W,865
YNL299W,866
YOL023W,867
YOL032W,868
YOL148C,869
YPL052W,870
YPL075W,871
YPL261C,872
YPR005C,873
YAL011W,874
YBL014C,875
YBR190W,876
YCR079W,877
YDL141W,878
YDL177C,879
YDR022C,880
YDR065W,881
YDR179C,882
YDR206W,883
YDR370C,884
YDR514C,885
YEL023C,886
YFR028C,887
YGL214W,888
YGR072W,889
YHR023W,890
YJL015C,891
YJR055W,892
YKL108W,893
YKR063C,894
YLL001W,895
YLR094C,896
YLR210W,897
YLR397C,898
YNL200C,899
YOL011W,900
YOL116W,901
YOL159C,902
YOR023C,903
YOR066W,904
YOR084W,905
YOR112W,906
YPL018W,907
YPL193W,908
YAL013W,909
YBR072W,910
YDL243C,911
YDR024W,912
YDR081C,913
YER046W,914
YGL145W,915
YGR166W,916
YJL180C,917
YKL043W,918
YKL045W,919
YKL149C,920
YLR157C,921
YLR165C,922
YLR191W,923
YLR438W,924
YMR025W,925
YMR052W,926
YMR105C,927
YMR164C,928
YNL097C,929
YNL140C,930
YOR231W,931
YPL083C,932
YCR014C,933
YDR222W,934
YDR229W,935
YDR289C,936
YDR392W,937
YDR538W,938
YER171W,939
YGL216W,940
YHR147C,941
YKR031C,942
YLR177W,943
YLR352W,944
YLR436C,945
YMR109W,946
YNL213C,947
YNR034W,948
YOL008W,949
YOL117W,950
YOR290C,951
YPL107W,952
YBR167C,953
YBR170C,954
YBR285W,955
YDR215C,956
YDR246W,957
YDR318W,958
YDR478W,959
YER123W,960
YGR269W,961
YJL119C,962
YJL223C,963
YKL047W,964
YKR010C,965
YLR155C,966
YLR193C,967
YLR316C,968
YLR321C,969
YLR418C,970
YLR422W,971
YML102W,972
YOR074C,973
YOR379C,974
YPL214C,975
YPL258C,976
YPR107C,977
YPR174C,978
YBR013C,979
YDR257C,980
YDR405W,981
YIL119C,982
YKL194C,983
YLR045C,984
YLR211C,985
YLR287C,986
YML041C,987
YMR060C,988
YMR152W,989
YNL041C,990
YNL273W,991
YOL009C,992
YOR208W,993
YPL188W,994
YPR034W,995
YPR157W,996
YBL078C,997
YDL045C,998
YDL098C,999
YDL115C,1000
YDR013W,1001
YDR143C,1002
YDR460W,1003
YGL121C,1004
YGR223C,1005
YJL071W,1006
YKR035C,1007
YKR075C,1008
YMR067C,1009
YMR181C,1010
YMR211W,1011
YOL110W,1012
YOR233W,1013
YPL141C,1014
YPL159C,1015
YPL228W,1016
YPR172W,1017
YBL066C,1018
YBR037C,1019
YDL167C,1020
YDR073W,1021
YDR283C,1022
YDR310C,1023
YDR476C,1024
YFR040W,1025
YGL192W,1026
YGL219C,1027
YGR241C,1028
YHR117W,1029
YHR158C,1030
YJL209W,1031
YKL088W,1032
YLL035W,1033
YLR105C,1034
YLR360W,1035
YML096W,1036
YML098W,1037
YPL152W,1038
YPR031W,1039
YGR274C,1040
YHR015W,1041
YHR046C,1042
YIL022W,1043
YIR005W,1044
YJR022W,1045
YJR030C,1046
YJR091C,1047
YKL074C,1048
YKL136W,1049
YLR119W,1050
YMR218C,1051
YNL086W,1052
YNL310C,1053
YOR017W,1054
YPL122C,1055
YBL095W,1056
YBL104C,1057
YBR163W,1058
YDL006W,1059
YER027C,1060
YER151C,1061
YER186C,1062
YFL007W,1063
YGR019W,1064
YHR073W,1065
YHR167W,1066
YJL006C,1067
YKL173W,1068
YLR430W,1069
YOL043C,1070
YOL150C,1071
YOR330C,1072
YPL008W,1073
YPL070W,1074
YAR066W,1075
YBR226C,1076
YBR228W,1077
YBR238C,1078
YDL164C,1079
YDR061W,1080
YDR075W,1081
YDR243C,1082
YDR259C,1083
YFR002W,1084
YGL150C,1085
YGR129W,1086
YIL079C,1087
YIL152W,1088
YJL076W,1089
YKL041W,1090
YKL214C,1091
YLR085C,1092
YLR136C,1093
YLR227C,1094
YMR023C,1095
YMR185W,1096
YMR222C,1097
YNL091W,1098
YOL138C,1099
YOR295W,1100
YOR322C,1101
YBR071W,1102
YBR153W,1103
YDR020C,1104
YDR364C,1105
YDR443C,1106
YEL029C,1107
YEL066W,1108
YGL056C,1109
YJL072C,1110
YKR021W,1111
YLR143W,1112
YLR265C,1113
YML049C,1114
YML114C,1115
YNL011C,1116
YNL197C,1117
YOL112W,1118
YOL134C,1119
YOR075W,1120
YOR385W,1121
YPL202C,1122
YAL015C,1123
YAL027W,1124
YDR097C,1125
YDR163W,1126
YHR195W,1127
YJL020C,1128
YJL101C,1129
YJR141W,1130
YLL007C,1131
YLR067C,1132
YLR231C,1133
YML021C,1134
YML027W,1135
YMR263W,1136
YNL077W,1137
YOL044W,1138
YOR069W,1139
YOR127W,1140
YOR304W,1141
YPL084W,1142
YPL138C,1143
YPL153C,1144
YPR048W,1145
YAR071W,1146
YBR028C,1147
YDL079C,1148
YDR078C,1149
YDR333C,1150
YDR349C,1151
YDR498C,1152
YFL001W,1153
YGR098C,1154
YHL029C,1155
YIL161W,1156
YJL206C,1157
YJR074W,1158
YLR070C,1159
YLR116W,1160
YMR062C,1161
YMR135C,1162
YMR196W,1163
YNL166C,1164
YNL191W,1165
YOR371C,1166
YPL089C,1167
YPR017C,1168
YPR066W,1169
YBL052C,1170
YBL083C,1171
YBR104W,1172
YBR130C,1173
YDR325W,1174
YFR043C,1175
YGL013C,1176
YGL119W,1177
YHR056C,1178
YHR062C,1179
YIR029W,1180
YJR005W,1181
YLR021W,1182
YLR032W,1183
YLR059C,1184
YLR126C,1185
YLR139C,1186
YNL290W,1187
YPL047W,1188
YPL137C,1189
YAL019W,1190
YAR014C,1191
YCL039W,1192
YDL077C,1193
YDL102W,1194
YDL170W,1195
YDR541C,1196
YGL062W,1197
YGL151W,1198
YGL178W,1199
YGR011W,1200
YHL007C,1201
YHR097C,1202
YIL114C,1203
YJL128C,1204
YKL204W,1205
YLR358C,1206
YMR100W,1207
YNR071C,1208
YBR192W,1209
YCR015C,1210
YDL230W,1211
YDR235W,1212
YER150W,1213
YGL129C,1214
YGL153W,1215
YGR133W,1216
YGR262C,1217
YJL135W,1218
YKL159C,1219
YKR069W,1220
YLR160C,1221
YLR178C,1222
YLR218C,1223
YLR405W,1224
YMR035W,1225
YNL042W,1226
YNL198C,1227
YOR006C,1228
YPL224C,1229
YPR024W,1230
YAL031C,1231
YBR222C,1232
YBR264C,1233
YBR274W,1234
YDL043C,1235
YDR220C,1236
YDR293C,1237
YEL021W,1238
YER115C,1239
YGL005C,1240
YHR030C,1241
YHR074W,1242
YKR087C,1243
YLL021W,1244
YLR098C,1245
YLR239C,1246
YLR363C,1247
YML020W,1248
YML071C,1249
YNL311C,1250
YOR026W,1251
YOR264W,1252
YBL081W,1253
YBR076W,1254
YBR129C,1255
YBR175W,1256
YBR188C,1257
YCR076C,1258
YDR291W,1259
YDR354W,1260
YDR463W,1261
YER173W,1262
YFL041W,1263
YGR177C,1264
YHR127W,1265
YIL176C,1266
YLR410W,1267
YNL059C,1268
YOR058C,1269
YOR217W,1270
YPR093C,1271
YAL068C,1272
YBR024W,1273
YBR253W,1274
YCL010C,1275
YDL150W,1276
YDR494W,1277
YDR518W,1278
YER008C,1279
YGL071W,1280
YGL190C,1281
YGR042W,1282
YGR203W,1283
YHR215W,1284
YKR008W,1285
YKR079C,1286
YLR190W,1287
YML011C,1288
YMR059W,1289
YMR237W,1290
YNL291C,1291
YOR319W,1292
YPL167C,1293
YPL241C,1294
YCL032W,1295
YDL088C,1296
YDR192C,1297
YER099C,1298
YFL009W,1299
YFL049W,1300
YJL065C,1301
YKL166C,1302
YLR328W,1303
YLR401C,1304
YMR153W,1305
YNL163C,1306
YOR387C,1307
YPR055W,1308
YBL016W,1309
YDL155W,1310
YEL062W,1311
YGR093W,1312
YHR001W,1313
YIL020C,1314
YJL115W,1315
YJR062C,1316
YLR019W,1317
YLR132C,1318
YLR163C,1319
YLR251W,1320
YML051W,1321
YMR233W,1322
YNL118C,1323
YNR076W,1324
YOL065C,1325
YOR060C,1326
YPL133C,1327
YPR022C,1328
YBR257W,1329
YCR008W,1330
YDR415C,1331
YGR030C,1332
YGR073C,1333
YGR165W,1334
YJL127C,1335
YKL069W,1336
YKR096W,1337
YLR133W,1338
YMR003W,1339
YMR212C,1340
YNL172W,1341
YNL297C,1342
YOR012W,1343
YPL219W,1344
YPR050C,1345
YCR020C,1346
YDL105W,1347
YDR150W,1348
YDR486C,1349
YFL044C,1350
YHL027W,1351
YHR059W,1352
YLL029W,1353
YML043C,1354
YML128C,1355
YNL078W,1356
YNL292W,1357
YOL106W,1358
YOR073W,1359
YOR297C,1360
YPR084W,1361
YPR104C,1362
YBL073W,1363
YDR068W,1364
YDR140W,1365
YDR148C,1366
YDR379W,1367
YGL193C,1368
YGL228W,1369
YGR140W,1370
YJL090C,1371
YJL168C,1372
YKL116C,1373
YKR072C,1374
YLR201C,1375
YLR202C,1376
YMR285C,1377
YNL286W,1378
YNL330C,1379
YNR049C,1380
YOR250C,1381
YOR267C,1382
YPL095C,1383
YBR103W,1384
YGL141W,1385
YHR024C,1386
YHR104W,1387
YHR107C,1388
YIL125W,1389
YJL066C,1390
YLR095C,1391
YLR199C,1392
YMR259C,1393
YNL251C,1394
YNR040W,1395
YOR205C,1396
YPL250C,1397
YPR101W,1398
YDL223C,1399
YDR198C,1400
YDR282C,1401
YER071C,1402
YGL035C,1403
YHR199C,1404
YIL019W,1405
YJR049C,1406
YJR112W,1407
YLR149C,1408
YMR219W,1409
YNL267W,1410
YOL042W,1411
YOR014W,1412
YPL157W,1413
YPL215W,1414
YDL202W,1415
YDR121W,1416
YDR477W,1417
YFR055W,1418
YGL117W,1419
YGR109C,1420
YGR255C,1421
YJR079W,1422
YKL176C,1423
YKR083C,1424
YLR071C,1425
YLR403W,1426
YMR287C,1427
YNR047W,1428
YOL087C,1429
YPL066W,1430
YPL184C,1431
YPR190C,1432
YAL043C,1433
YDR069C,1434
YDR248C,1435
YKL143W,1436
YLR364W,1437
YLR365W,1438
YMR005W,1439
YMR024W,1440
YOL071W,1441
YPL112C,1442
YPL180W,1443
YPR119W,1444
YPR199C,1445
YAL024C,1446
YBL071C,1447
YDR189W,1448
YDR337W,1449
YFL024C,1450
YGR230W,1451
YHR191C,1452
YHR198C,1453
YKL076C,1454
YLR224W,1455
YLR252W,1456
YLR270W,1457
YLR389C,1458
YMR061W,1459
YNL129W,1460
YNL152W,1461
YOR221C,1462
YOR337W,1463
YAL037W,1464
YBR288C,1465
YCL055W,1466
YDL044C,1467
YER163C,1468
YGR005C,1469
YJL005W,1470
YKR084C,1471
YLL042C,1472
YLR260W,1473
YLR454W,1474
YML111W,1475
YMR130W,1476
YOL001W,1477
YOL146W,1478
YPL038W,1479
YPL056C,1480
YPL126W,1481
YPL190C,1482
YPL196W,1483
YCR018C,1484
YCR069W,1485
YDL020C,1486
YDR067C,1487
YEL014C,1488
YGL036W,1489
YJL063C,1490
YJL068C,1491
YJR090C,1492
YKR002W,1493
YLR357W,1494
YMR199W,1495
YNL090W,1496
YNL165W,1497
YPL016W,1498
YPL260W,1499
YAL010C,1500
YBL096C,1501
YDR021W,1502
YDR030C,1503
YJL029C,1504
YJL154C,1505
YJR096W,1506
YNL271C,1507
YOR062C,1508
YPL074W,1509
YPL158C,1510
YPR134W,1511
YEL068C,1512
YGL127C,1513
YGR071C,1514
YHR206W,1515
YIL031W,1516
YJR043C,1517
YKL061W,1518
YLR016C,1519
YLR135W,1520
YML017W,1521
YNL024C,1522
YOR102W,1523
YBR089W,1524
YDL056W,1525
YDR286C,1526
YEL030W,1527
YHL025W,1528
YLR107W,1529
YLR158C,1530
YLR298C,1531
YLR409C,1532
YMR208W,1533
YNL043C,1534
YNL094W,1535
YNL185C,1536
YOL144W,1537
YOR135C,1538
YPL064C,1539
YPL082C,1540
YPL197C,1541
YCR093W,1542
YDL132W,1543
YDL160C,1544
YDR231C,1545
YDR244W,1546
YDR296W,1547
YGL102C,1548
YGR233C,1549
YHR009C,1550
YLR182W,1551
YMR044W,1552
YNR029C,1553
YOR120W,1554
YOR216C,1555
YOR258W,1556
YPR065W,1557
YPR131C,1558
YPR189W,1559
YBR022W,1560
YBR208C,1561
YDR171W,1562
YDR469W,1563
YER010C,1564
YFL057C,1565
YGR222W,1566
YKR028W,1567
YLR275W,1568
YMR006C,1569
YMR014W,1570
YNL053W,1571
YOL094C,1572
YOR043W,1573
YAL056W,1574
YCR060W,1575
YGR057C,1576
YGR080W,1577
YGR130C,1578
YHR144C,1579
YJL022W,1580
YKL087C,1581
YLR168C,1582
YLR399C,1583
YOL057W,1584
YOL090W,1585
YOR211C,1586
YER125W,1587
YGR095C,1588
YHR085W,1589
YLL025W,1590
YLR200W,1591
YLR254C,1592
YNL014W,1593
YNL284C,1594
YNR020C,1595
YOR173W,1596
YOR196C,1597
YDL103C,1598
YEL005C,1599
YHR112C,1600
YLL041C,1601
YLR007W,1602
YLR112W,1603
YNL288W,1604
YOR188W,1605
YBR061C,1606
YDL019C,1607
YDR034C,1608
YDR400W,1609
YGR146C,1610
YGR247W,1611
YJL016W,1612
YJL075C,1613
YJR060W,1614
YKL010C,1615
YMR201C,1616
YNL022C,1617
YOL102C,1618
YOR101W,1619
YOR125C,1620
YOR354C,1621
YPR106W,1622
YAR002W,1623
YBL054W,1624
YBR165W,1625
YBR247C,1626
YDL003W,1627
YDR054C,1628
YDR186C,1629
YDR209C,1630
YDR308C,1631
YEL039C,1632
YJL033W,1633
YKL014C,1634
YKL113C,1635
YKR009C,1636
YLR380W,1637
YOR166C,1638
YOR280C,1639
YBL090W,1640
YBR066C,1641
YBR245C,1642
YGR207C,1643
YKL185W,1644
YLR015W,1645
YLR437C,1646
YML060W,1647
YNR031C,1648
YOL004W,1649
YPL216W,1650
YPR029C,1651
YCL037C,1652
YDR094W,1653
YDR166C,1654
YDR527W,1655
YGR031W,1656
YGR119C,1657
YGR286C,1658
YMR191W,1659
YMR302C,1660
YOL056W,1661
YOL078W,1662
YOL098C,1663
YOR031W,1664
YOR374W,1665
YPR164W,1666
YCR003W,1667
YDR085C,1668
YJR132W,1669
YKL135C,1670
YLR102C,1671
YLR106C,1672
YLR114C,1673
YMR076C,1674
YMR252C,1675
YNL207W,1676
YDL005C,1677
YDR201W,1678
YER064C,1679
YHR047C,1680
YIR004W,1681
YKL170W,1682
YKL189W,1683
YLR073C,1684
YML057W,1685
YMR112C,1686
YNL211C,1687
YOL014W,1688
YOL089C,1689
YBR119W,1690
YBR155W,1691
YBR211C,1692
YDR347W,1693
YGL049C,1694
YJL041W,1695
YJR041C,1696
YLR309C,1697
YLR348C,1698
YMR047C,1699
YMR270C,1700
YPL046C,1701
YPL242C,1702
YDR507C,1703
YHR154W,1704
YIL091C,1705
YIL096C,1706
YKL112W,1707
YKR062W,1708
YLR146C,1709
YML006C,1710
YMR080C,1711
YOR172W,1712
YPL020C,1713
YBL112C,1714
YBR033W,1715
YBR137W,1716
YDR060W,1717
YDR512C,1718
YGL099W,1719
YHL030W,1720
YIL135C,1721
YLR052W,1722
YLR090W,1723
YLR290C,1724
YNL122C,1725
YOL108C,1726
YOL142W,1727
YPL039W,1728
YPR120C,1729
YDR301W,1730
YDR464W,1731
YJL096W,1732
YJL118W,1733
YKR038C,1734
YKR089C,1735
YLR336C,1736
YLR407W,1737
YLR425W,1738
YOR251C,1739
YPL203W,1740
YPR168W,1741
YBR080C,1742
YDR430C,1743
YEL015W,1744
YER059W,1745
YGL092W,1746
YKL140W,1747
YML023C,1748
YNL240C,1749
YNR057C,1750
YOR363C,1751
YPL024W,1752
YPL139C,1753
YPL183C,1754
YPR176C,1755
YAL060W,1756
YDL013W,1757
YDR044W,1758
YDR457W,1759
YGR219W,1760
YIL083C,1761
YLR274W,1762
YML070W,1763
YMR093W,1764
YMR240C,1765
YNL313C,1766
YCR088W,1767
YDL036C,1768
YDR016C,1769
YDR028C,1770
YDR059C,1771
YHR103W,1772
YOL029C,1773
YOR356W,1774
YAL051W,1775
YBR026C,1776
YBR105C,1777
YDR396W,1778
YEL048C,1779
YGL171W,1780
YGR111W,1781
YHR037W,1782
YJR109C,1783
YLL027W,1784
YMR165C,1785
YNL081C,1786
YOR064C,1787
YBR248C,1788
YBR254C,1789
YCL017C,1790
YDL047W,1791
YDL215C,1792
YGR257C,1793
YMR310C,1794
YNL155W,1795
YNR011C,1796
YOL006C,1797
YOR357C,1798
YAL040C,1799
YBL033C,1800
YDL158C,1801
YDR448W,1802
YER176W,1803
YGL086W,1804
YGR244C,1805
YGR270W,1806
YJR032W,1807
YKL126W,1808
YLR039C,1809
YMR125W,1810
YMR220W,1811
YOR213C,1812
YOR236W,1813
YPL217C,1814
YPL256C,1815
YAL017W,1816
YBL050W,1817
YCR059C,1818
YER092W,1819
YGL014W,1820
YGR215W,1821
YJL050W,1822
YOR179C,1823
YOR334W,1824
YAR007C,1825
YBR077C,1826
YBR091C,1827
YDR312W,1828
YDR327W,1829
YER137C,1830
YHR216W,1831
YKR011C,1832
YKR095W,1833
YMR189W,1834
YNL005C,1835
YNL150W,1836
YOR377W,1837
YDL188C,1838
YDR372C,1839
YMR158W,1840
YOL021C,1841
YOL051W,1842
YOR226C,1843
YOR372C,1844
YPR094W,1845
YAL021C,1846
YHR070W,1847
YJL010C,1848
YJR076C,1849
YOR109W,1850
YPL170W,1851
YBL051C,1852
YCR036W,1853
YER134C,1854
YIR026C,1855
YJL039C,1856
YJL069C,1857
YKL127W,1858
YLR195C,1859
YML053C,1860
YMR290C,1861
YMR299C,1862
YNL099C,1863
YNL212W,1864
YOR123C,1865
YAL034W-A,1866
YBR268W,1867
YCR077C,1868
YDL069C,1869
YEL047C,1870
YGL213C,1871
YHR201C,1872
YJL200C,1873
YJR067C,1874
YLL034C,1875
YML064C,1876
YML100W,1877
YNL102W,1878
YOL064C,1879
YBR073W,1880
YBR097W,1881
YCR052W,1882
YDL058W,1883
YER045C,1884
YKL086W,1885
YKR056W,1886
YPL063W,1887
YBL079W,1888
YBL107C,1889
YLR069C,1890
YLR203C,1891
YML061C,1892
YNL132W,1893
YOR091W,1894
YBR214W,1895
YBR279W,1896
YDL225W,1897
YDL240W,1898
YDR357C,1899
YDR530C,1900
YER152C,1901
YIR034C,1902
YLR049C,1903
YMR184W,1904
YOR119C,1905
YBR273C,1906
YCL057W,1907
YDL227C,1908
YER127W,1909
YGR193C,1910
YIL126W,1911
YMR090W,1912
YOL036W,1913
YPR166C,1914
YEL055C,1915
YGL016W,1916
YGR283C,1917
YLR194C,1918
YOL111C,1919
YDL038C,1920
YDR383C,1921
YGR275W,1922
YHR165C,1923
YIR006C,1924
YKL021C,1925
YKL184W,1926
YNL001W,1927
YOR094W,1928
YPL026C,1929
YPL179W,1930
YAR003W,1931
YDR017C,1932
YDR115W,1933
YEL037C,1934
YLR170C,1935
YOR359W,1936
YJR100C,1937
YNL100W,1938
YNL246W,1939
YOR148C,1940
YPL149W,1941
YPR146C,1942
YHR197W,1943
YKL040C,1944
YKL144C,1945
YKR060W,1946
YMR077C,1947
YPL014W,1948
YPR067W,1949
YDR232W,1950
YDR299W,1951
YGR246C,1952
YML077W,1953
YNL050C,1954
YOR001W,1955
YPL118W,1956
YBL093C,1957
YDR098C,1958
YGL211W,1959
YGR123C,1960
YGR218W,1961
YIL070C,1962
YMR294W-A,1963
YMR312W,1964
YNR022C,1965
YAL029C,1966
YBR115C,1967
YBR160W,1968
YCR033W,1969
YDR116C,1970
YDR196C,1971
YDR441C,1972
YGR028W,1973
YKL186C,1974
YLR204W,1975
YLR256W,1976
YML003W,1977
YMR031C,1978
YNL124W,1979
YNL241C,1980
YOR115C,1981
YOR244W,1982
YPL173W,1983
YAL041W,1984
YDR395W,1985
YEL061C,1986
YFL002C,1987
YOR281C,1988
YBR146W,1989
YCR005C,1990
YDR167W,1991
YDR216W,1992
YER073W,1993
YER112W,1994
YGR261C,1995
YKL059C,1996
YLL040C,1997
YOL026C,1998
YHR098C,1999
YJL079C,2000
YML035C,2001
YNR024W,2002
YOR009W,2003
YOR089C,2004
YBR122C,2005
YDL200C,2006
YGR158C,2007
YMR150C,2008
YNL006W,2009
YNR044W,2010
YOR150W,2011
YOR338W,2012
YPL085W,2013
YPR144C,2014
YEL013W,2015
YGR116W,2016
YGR145W,2017
YHR060W,2018
YIL127C,2019
YJL110C,2020
YKL151C,2021
YLR147C,2022
YDL198C,2023
YGR108W,2024
YIR011C,2025
YLR154C,2026
YMR092C,2027
YOR047C,2028
YDR006C,2029
YGR025W,2030
YGR044C,2031
YJR002W,2032
YLR250W,2033
YLR384C,2034
YMR102C,2035
YPL266W,2036
YBL015W,2037
YBL056W,2038
YBL067C,2039
YBL075C,2040
YBR120C,2041
YCR096C,2042
YDL002C,2043
YFR001W,2044
YGR251W,2045
YJR098C,2046
YMR027W,2047
YOR243C,2048
YPL011C,2049
YPR073C,2050
YAR073W,2051
YCR047C,2052
YDL134C,2053
YDR300C,2054
YFR011C,2055
YHR065C,2056
YLR025W,2057
YML010W,2058
YML062C,2059
YNL221C,2060
YPR133C,2061
YAL039C,2062
YBR101C,2063
YER020W,2064
YIL038C,2065
YLR243W,2066
YOL136C,2067
YOR315W,2068
YCR084C,2069
YGL244W,2070
YIL105C,2071
YLL049W,2072
YLR412W,2073
YMR091C,2074
YNL243W,2075
YOL068C,2076
YPL195W,2077
YPL204W,2078
YBL085W,2079
YDL008W,2080
YGL133W,2081
YGL252C,2082
YJL031C,2083
YJL048C,2084
YPR030W,2085
YPR072W,2086
YEL060C,2087
YJL042W,2088
YJL054W,2089
YKL138C,2090
YLR051C,2091
YLR209C,2092
YOR207C,2093
YPL252C,2094
YPR053C,2095
YPR167C,2096
YAL047C,2097
YCL056C,2098
YER090W,2099
YIL116W,2100
YKL128C,2101
YML127W,2102
YOL022C,2103
YPR173C,2104
YPR188C,2105
YDL148C,2106
YDR267C,2107
YGR294W,2108
YIL154C,2109
YIR035C,2110
YJL109C,2111
YJR025C,2112
YJR082C,2113
YKL193C,2114
YKR018C,2115
YML093W,2116
YNL062C,2117
YOR203W,2118
YPL002C,2119
YPL034W,2120
YPL127C,2121
YPR115W,2122
YDL165W,2123
YDR056C,2124
YER164W,2125
YLR408C,2126
YMR012W,2127
YMR038C,2128
YMR128W,2129
YNL239W,2130
YOL034W,2131
YDR156W,2132
YDR292C,2133
YER050C,2134
YGL215W,2135
YHR108W,2136
YJL030W,2137
YKR025W,2138
YNR068C,2139
YPL105C,2140
YPR009W,2141
YDR211W,2142
YFL016C,2143
YMR195W,2144
YMR255W,2145
YOR194C,2146
YPL212C,2147
YBL038W,2148
YCR002C,2149
YDR080W,2150
YDR412W,2151
YGR252W,2152
YKL084W,2153
YNR035C,2154
YDR398W,2155
YGR054W,2156
YJR034W,2157
YJR058C,2158
YML065W,2159
YNL168C,2160
YPL111W,2161
YPL263C,2162
YBL036C,2163
YBR112C,2164
YGR007W,2165
YMR099C,2166
YOL081W,2167
YOL145C,2168
YPL051W,2169
YBL032W,2170
YDL226C,2171
YDR280W,2172
YNR037C,2173
YNR069C,2174
YOL005C,2175
YDR007W,2176
YJR069C,2177
YML086C,2178
YOL126C,2179
YOR042W,2180
YOR382W,2181
YBR142W,2182
YDR184C,2183
YGR035C,2184
YJL169W,2185
YML133C,2186
YDL166C,2187
YDR472W,2188
YLR172C,2189
YLR206W,2190
YMR225C,2191
YOR238W,2192
YPL210C,2193
YDR170C,2194
YER004W,2195
YKL211C,2196
YLR455W,2197
YBR087W,2198
YCR035C,2199
YEL044W,2200
YGR136W,2201
YJR057W,2202
YLR040C,2203
YOL052C-A,2204
YPL144W,2205
YBL022C,2206
YLR314C,2207
YNL061W,2208
YOR134W,2209
YPR100W,2210
YDR453C,2211
YFR009W,2212
YJR059W,2213
YCR039C,2214
YDL181W,2215
YGL206C,2216
YMR086C-A,2217
YMR203W,2218
YEL022W,2219
YGL232W,2220
YHR071W,2221
YHR152W,2222
YLR008C,2223
YML113W,2224
YNL306W,2225
YOL049W,2226
YPL032C,2227
YDR234W,2228
YGL097W,2229
YJR144W,2230
YLR427W,2231
YML069W,2232
YPL015C,2233
YGR173W,2234
YOL133W,2235
YPL012W,2236
YDL111C,2237
YCL036W,2238
YLR375W,2239
YPL243W,2240
YAL001C,2241
YDR378C,2242
YDR533C,2243
YHR164C,2244
YOR239W,2245
YPL177C,2246
YGR076C,2247
YHR057C,2248
YKR026C,2249
YLL067C,2250
YOR355W,2251
YPR143W,2252
YEL032W,2253
YEL056W,2254
YER003C,2255
YJR017C,2256
YKR068C,2257
YDR047W,2258
YIL011W,2259
YIL129C,2260
YJR086W,2261
YBR017C,2262
YDL031W,2263
YHR136C,2264
YOR294W,2265
YHR018C,2266
YHR113W,2267
YHR196W,2268
YPL123C,2269
YPR112C,2270
YBR052C,2271
YDR087C,2272
YJL122W,2273
YLL066C,2274
YNL177C,2275
YEL011W,2276
YNL084C,2277
YOR176W,2278
YPR169W,2279
YDR031W,2280
YOR197W,2281
YBR126C,2282
YDL144C,2283
YFL036W,2284
YLR292C,2285
YLR429W,2286
YDR376W,2287
YGR142W,2288
YLR003C,2289
YAL059W,2290
YML009C,2291
YMR269W,2292
YOR341W,2293
YPL043W,2294
YPL235W,2295
YAL049C,2296
YCL054W,2297
YHR081W,2298
YHR099W,2299
YIL033C,2300
YLR261C,2301
YNL056W,2302
YPR060C,2303
YBR218C,2304
YER080W,2305
YGL019W,2306
YML108W,2307
YPR148C,2308
YDL174C,2309
YHL021C,2310
YKR054C,2311
YNL032W,2312
YNL123W,2313
YOR302W,2314
YPL262W,2315
YBL018C,2316
YDL060W,2317
YGR211W,2318
YLR346C,2319
YBR151W,2320
YBR177C,2321
YBR217W,2322
YDL135C,2323
YER088C,2324
YGR128C,2325
YHR083W,2326
YNR001C,2327
YOR342C,2328
YAL046C,2329
YBL007C,2330
YBL064C,2331
YDR122W,2332
YKL019W,2333
YNL154C,2334
YER070W,2335
YFR014C,2336
YIL124W,2337
YPR088C,2338
YDL168W,2339
YER086W,2340
YOR159C,2341
YBL024W,2342
YDL171C,2343
YDR303C,2344
YNL045W,2345
YDL195W,2346
YDR214W,2347
YER089C,2348
YGR132C,2349
YNL312W,2350
YOR272W,2351
YEL007W,2352
YLR335W,2353
YOR142W,2354
YJL140W,2355
YOR116C,2356
YPL129W,2357
YBR062C,2358
YER037W,2359
YER155C,2360
YFR010W,2361
YKR001C,2362
YOR326W,2363
YBR230C,2364
YGR090W,2365
YLR129W,2366
YLR248W,2367
YMR264W,2368
YOR336W,2369
YPR082C,2370
YBL004W,2371
YGL137W,2372
YGR178C,2373
YKR013W,2374
YML121W,2375
YOL012C,2376
YPR181C,2377
YDR258C,2378
YDR373W,2379
YFL010C,2380
YGR200C,2381
YPL091W,2382
YPL199C,2383
YGR208W,2384
YNL037C,2385
YDL028C,2386
YIL112W,2387
YLR217W,2388
YNL232W,2389
YKL099C,2390
YDL039C,2391
YJL157C,2392
YOR051C,2393
YOR108W,2394
YOR164C,2395
YDR168W,2396
YGL091C,2397
YGR083C,2398
YJL123C,2399
YJR101W,2400
YMR015C,2401
YOR124C,2402
YDR368W,2403
YMR261C,2404
YDR339C,2405
YOR041C,2406
YCL028W,2407
YGL100W,2408
YGL068W,2409
YJL225C,2410
YPL226W,2411
YDR074W,2412
YEL077C,2413
YLR370C,2414
YGL195W,2415
YPL009C,2416
YBL006C,2417
YDR496C,2418
YGL120C,2419
YHL050C,2420
YPL088W,2421
YDL219W,2422
YGR017W,2423
YKL142W,2424
YBR291C,2425
YEL071W,2426
YGL020C,2427
YKR085C,2428
YML124C,2429
YNR043W,2430
YDR091C,2431
YFL028C,2432
YLR262C,2433
YNR036C,2434
YDR365C,2435
YIL021W,2436
YOR145C,2437
YPR004C,2438
YBL028C,2439
YKL016C,2440
YMR022W,2441
YOR265W,2442
YMR296C,2443
YER103W,2444
YGR167W,2445
YKR092C,2446
YNL002C,2447
YMR049C,2448
YNL307C,2449
YOL123W,2450
YAR008W,2451
YBL045C,2452
YGL040C,2453
YGR272C,2454
YPR160W,2455
YER122C,2456
YER048C,2457
YKL109W,2458
YLR089C,2459
YLR258W,2460
YNL075W,2461
YNL088W,2462
YOR340C,2463
YDL040C,2464
YGL207W,2465
YGL221C,2466
YGR151C,2467
YLR028C,2468
YKL163W,2469
YOL124C,2470
YKL160W,2471
YNL231C,2472
YCL031C,2473
YDR083W,2474
YLR351C,2475
YMR286W,2476
YMR020W,2477
YOL059W,2478
YOR304C-A,2479
YOR305W,2480
YCR016W,2481
YGL157W,2482
YJL161W,2483
YOL041C,2484
YBR173C,2485
YFL018C,2486
YHR052W,2487
YNL247W,2488
YOR117W,2489
YER023W,2490
YBR056W,2491
YBR263W,2492
YGR115C,2493
YLR257W,2494
YOR360C,2495
YDR238C,2496
YOR169C,2497
YDR487C,2498
YPR108W,2499
YDR101C,2500
YDR120C,2501
YMR108W,2502
YPR191W,2503
YJR048W,2504
YJR063W,2505
YKR071C,2506
YLR068W,2507
YPL163C,2508
YPL117C,2509
YGL238W,2510
YIL109C,2511
YJR024C,2512
YKL157W,2513
YOL016C,2514
YER146W,2515
YGR063C,2516
YLR420W,2517
YKL082C,2518
YNL189W,2519
YDR502C,2520
YJL008C,2521
YLR017W,2522
YMR316W,2523
YDL140C,2524
YBR206W,2525
YNL315C,2526
YOR344C,2527
YFR015C,2528
YKR048C,2529
YML110C,2530
YNL287W,2531
YMR074C,2532
YKR091W,2533
YBR145W,2534
YER049W,2535
YCR009C,2536
YFR051C,2537
YMR039C,2538
YMR309C,2539
YOR206W,2540
YBR035C,2541
YNL308C,2542
YCL040W,2543
YER124C,2544
YOR260W,2545
YGL028C,2546
YOR317W,2547
YPR063C,2548
YDL097C,2549
YDR404C,2550
YGR210C,2551
YJL055W,2552
YML085C,2553
YIL034C,2554
YKL029C,2555
YNR017W,2556
YBL058W,2557
YJL014W,2558
YDR212W,2559
YIL041W,2560
YGL029W,2561
YKL007W,2562
YBR158W,2563
YCR020C-A,2564
YDR194C,2565
YPR204W,2566
YER136W,2567
YJL173C,2568
YFL014W,2569
YHR200W,2570
YJR125C,2571
YBR092C,2572
YER091C,2573
YGR061C,2574
YJL111W,2575
YDL173W,2576
YER021W,2577
YHL011C,2578
YML040W,2579
YFR037C,2580
YKL114C,2581
YFR052W,2582
YJR065C,2583
YFR004W,2584
YGR024C,2585
YEL024W,2586
YER156C,2587
YNL147W,2588
YOL058W,2589
YPR052C,2590
YDL066W,2591
YKL104C,2592
YAR075W,2593
YDR165W,2594
YMR314W,2595
YOR157C,2596
YIL075C,2597
YLR467W,2598
YIL035C,2599
YER052C,2600
YIL142W,2601
YLR432W,2602
YBL113C,2603
YOR303W,2604
YBR223C,2605
YDL078C,2606
YDR001C,2607
YCL050C,2608
YBL091C,2609
YCR082W,2610
YGR186W,2611
YER002W,2612
YOL030W,2613
YDR127W,2614
YOR335C,2615
YLR186W,2616
YBR079C,2617
YOR095C,2618
YBR034C,2619
YLR196W,2620
YOR209C,2621
YHR027C,2622
YKL210W,2623
YLR466W,2624
YBL047C,2625
YER190W,2626
YGR267C,2627
YER057C,2628
YKL067W,2629
YDR545W,2630
YOR010C,2631
YOR027W,2632
YPR051W,2633
YAL016W,2634
YGR182C,2635
YIL118W,2636
YNL098C,2637
YOR204W,2638
YDR055W,2639
YDR298C,2640
YLL009C,2641
YDR035W,2642
YMR229C,2643
YMR276W,2644
YHR219W,2645
YOR052C,2646
YKL172W,2647
YKL196C,2648
YGL234W,2649
YDR388W,2650
YER110C,2651
YGL048C,2652
YHR051W,2653
YPL273W,2654
YDR190C,2655
YNL104C,2656
YDL086W,2657
YHR170W,2658
YIL008W,2659
YKL024C,2660
YLR276C,2661
YML016C,2662
YNR051C,2663
YGR229C,2664
YGR296W,2665
YMR131C,2666
YOR383C,2667
YER126C,2668
YLR179C,2669
YDR045C,2670
YHR008C,2671
YIL138C,2672
YIL115C,2673
YJL080C,2674
YNL131W,2675
YPR010C,2676
YOR061W,2677
YFL022C,2678
YIL094C,2679
YEL058W,2680
YJR014W,2681
YOR184W,2682
YMR246W,2683
YLR244C,2684
YBR234C,2685
YBL001C,2686
YPL010W,2687
YKL066W,2688
YDL213C,2689
YMR045C,2690
YNL070W,2691
YMR241W,2692
YER062C,2693
YKL013C,2694
YNL339C,2695
YNL110C,2696
YMR235C,2697
YDR516C,2698
YIL062C,2699
YKR043C,2700
YFR053C,2701
YBR111C,2702
YDL145C,2703
YMR226C,2704
YGR020C,2705
YPL135W,2706
YPL145C,2707
YCL009C,2708
YGR264C,2709
YML092C,2710
YPL093W,2711
YPL283C,2712
YEL051W,2713
YNL138W,2714
YOR323C,2715
YBL041W,2716
YGR162W,2717
YDL029W,2718
YKL122C,2719
YKL190W,2720
YPR118W,2721
YHR049W,2722
YJL001W,2723
YLR208W,2724
YDL007W,2725
YDR432W,2726
YKL054C,2727
YOR232W,2728
YCL030C,2729
YGR253C,2730
YGL173C,2731
YPR016C,2732
YCR004C,2733
YDL051W,2734
YDL153C,2735
YLL008W,2736
YOR259C,2737
YGR280C,2738
YNL071W,2739
YDL092W,2740
YBL076C,2741
YEL046C,2742
YIL076W,2743
YJR016C,2744
YGR094W,2745
YKL145W,2746
YLR330W,2747
YDL124W,2748
YOR361C,2749
YDR172W,2750
YNL113W,2751
YDR328C,2752
YMR072W,2753
YOL061W,2754
YOL097C,2755
YCL035C,2756
YEL018W,2757
YGR185C,2758
YNL134C,2759
YDR129C,2760
YER006W,2761
YOR253W,2762
YDL004W,2763
YDR346C,2764
YFR050C,2765
YNR053C,2766
YBL099W,2767
YBR149W,2768
YPL160W,2769
YBR084W,2770
YOR261C,2771
YPL271W,2772
YPL211W,2773
YDL070W,2774
YDL157C,2775
YLR153C,2776
YIR037W,2777
YLR113W,2778
YDR139C,2779
YJR070C,2780
YOL077C,2781
YDL143W,2782
YBR088C,2783
YHR163W,2784
YBL039C,2785
YGL187C,2786
YGR184C,2787
YNL066W,2788
YGR135W,2789
YOR151C,2790
YIL123W,2791
YDR210W,2792
YLR192C,2793
YGR204W,2794
YNL007C,2795
YOR046C,2796
YLR216C,2797
YDR394W,2798
YJR027W,2799
YPL048W,2800
YJR077C,2801
YLR327C,2802
YCL011C,2803
YNR050C,2804
YML022W,2805
YPR187W,2806
YDL182W,2807
YMR145C,2808
YDL147W,2809
YLR100W,2810
YLR449W,2811
YER025W,2812
YDR483W,2813
YLR301W,2814
YHR128W,2815
YMR315W,2816
YKR074W,2817
YGL148W,2818
YPR069C,2819
YBL077W,2820
YPL061W,2821
YGL202W,2822
YMR079W,2823
YHR146W,2824
YOR187W,2825
YMR205C,2826
YER138C,2827
YBR154C,2828
YDR341C,2829
YDR188W,2830
YJL130C,2831
YDR099W,2832
YER165W,2833
YGL078C,2834
YPR163C,2835
YNR016C,2836
YER036C,2837
YML074C,2838
YMR146C,2839
YNL208W,2840
YAR015W,2841
YJR029W,2842
YPR033C,2843
YER133W,2844
YJR105W,2845
YLR038C,2846
YOR021C,2847
YOR168W,2848
YGR103W,2849
YDL100C,2850
YNL010W,2851
YAL044C,2852
YER012W,2853
YOL038W,2854
YDL185W,2855
YAR010C,2856
YHR020W,2857
YER011W,2858
YKL035W,2859
YHR042W,2860
YHR143W,2861
YDR381W,2862
YMR321C,2863
YPR110C,2864
YMR297W,2865
YDR427W,2866
YOR362C,2867
YOL143C,2868
YKL080W,2869
YAL035W,2870
YCR028C-A,2871
YFL037W,2872
YOR247W,2873
YER007C-A,2874
YOR332W,2875
YCR053W,2876
YLR060W,2877
YKL181W,2878
YLR304C,2879
YPL078C,2880
YDR461W,2881
YOR198C,2882
YGL026C,2883
YJR007W,2884
YDL016C,2885
YPL225W,2886
YOR136W,2887
YDL022W,2888
YJL171C,2889
YLR027C,2890
YDR304C,2891
YPL004C,2892
YDR032C,2893
YGL106W,2894
YPR103W,2895
YML056C,2896
YBR109C,2897
YML078W,2898
YDR071C,2899
YOR210W,2900
YDR529C,2901
YJR045C,2902
YNL016W,2903
YLR229C,2904
YPR062W,2905
YFL031W,2906
YNL327W,2907
YDL126C,2908
YNL112W,2909
YPL081W,2910
YDR510W,2911
YHR025W,2912
YKL182W,2913
YLR180W,2914
YLR354C,2915
YLL018C,2916
YPL028W,2917
YPL231W,2918
YBR249C,2919
YPR044C,2920
YJL188C,2921
YFR044C,2922
YFL005W,2923
YLR359W,2924
YBR067C,2925
YJL167W,2926
YDR174W,2927
YGL037C,2928
YOR375C,2929
YDL084W,2930
YLR175W,2931
YFL038C,2932
YJR064W,2933
YLR447C,2934
YJL026W,2935
YJR148W,2936
YPL237W,2937
YHR019C,2938
YHR068W,2939
YKL085W,2940
YMR318C,2941
YPR036W,2942
YDR454C,2943
YDL125C,2944
YNL220W,2945
YHL034C,2946
YML126C,2947
YLR344W,2948
YOR285W,2949
YPL240C,2950
YDR399W,2951
YGR240C,2952
YJR121W,2953
YOR007C,2954
YJL159W,2955
YNL160W,2956
YML058W,2957
YER009W,2958
YNL064C,2959
YGR086C,2960
YGL105W,2961
YHR208W,2962
YKL164C,2963
YMR217W,2964
YBR221C,2965
YMR120C,2966
YJR047C,2967
YDR037W,2968
YMR230W,2969
YGR155W,2970
YOL139C,2971
YKL117W,2972
YOR248W,2973
YDR433W,2974
YGL011C,2975
YER055C,2976
YGR124W,2977
YNL079C,2978
YGR008C,2979
YEL040W,2980
YHR064C,2981
YDR429C,2982
YNL190W,2983
YGR159C,2984
YPR145W,2985
YBR286W,2986
YFL045C,2987
YBR127C,2988
YML008C,2989
YLR198C,2990
YOR020C,2991
YKL216W,2992
YAL012W,2993
YGL245W,2994
YPL218W,2995
YDL137W,2996
YML106W,2997
YER178W,2998
YDR353W,2999
YGR180C,3000
YHR162W,3001
YLL026W,3002
YPL106C,3003
YPR074C,3004
YBR143C,3005
YOR310C,3006
YAL005C,3007
YBR011C,3008
YOR122C,3009
YDR023W,3010
YBR025C,3011
YLR355C,3012
YLR259C,3013
YHR089C,3014
YOR230W,3015
YHR179W,3016
YBL002W,3017
YLR293C,3018
YLR197W,3019
YCL043C,3020
YHR183W,3021
YLR286C,3022
YBR121C,3023
YPR035W,3024
YDL014W,3025
YPL142C,3026
YNL244C,3027
YDL055C,3028
YHR141C,3029
YMR303C,3030
YDR002W,3031
YGL009C,3032
YGR285C,3033
YMR251W,3034
YBR048W,3035
YIL051C,3036
YGR037C,3037
YGR279C,3038
YLR300W,3039
YEL026W,3040
YPL154C,3041
YER056C-A,3042
YBR189W,3043
YGL253W,3044
YBR162C,3045
YMR083W,3046
YNL067W,3047
YNL135C,3048
YMR142C,3049
YMR186W,3050
YNL301C,3051
YLR058C,3052
YPL198W,3053
YLR076C,3054
YLR303W,3055
YLL050C,3056
YBR009C,3057
YDL229W,3058
YLL044W,3059
YLR406C,3060
YIL078W,3061
YGR209C,3062
YJL177W,3063
YHR193C,3064
YJL138C,3065
YLR134W,3066
YNL030W,3067
YDR226W,3068
YKL153W,3069
YEL034W,3070
YHL033C,3071
YPL090C,3072
YMR194W,3073
YOR167C,3074
YER131W,3075
YIL053W,3076
YPL037C,3077
YMR307W,3078
YDL061C,3079
YNL096C,3080
YER043C,3081
YBR196C,3082
YHL001W,3083
YDL082W,3084
YBL003C,3085
YDR012W,3086
YEL009C,3087
YER074W,3088
YLR109W,3089
YJL158C,3090
YNL069C,3091
YJR104C,3092
YDL136W,3093
YGR234W,3094
YIL148W,3095
YLR264W,3096
YLR062C,3097
YLR448W,3098
YGR214W,3099
YDR450W,3100
YIL133C,3101
YLL024C,3102
YDR385W,3103
YML024W,3104
YPR043W,3105
YML063W,3106
YOL127W,3107
YOR234C,3108
YDL192W,3109
YLR185W,3110
YHR053C,3111
YDR077W,3112
YBR118W,3113
YNL055C,3114
YAL003W,3115
YHR055C,3116
YDL083C,3117
YLR441C,3118
YOR312C,3119
YOL109W,3120
YMR143W,3121
YOL121C,3122
YCR013C,3123
YLR167W,3124
YKL006W,3125
YDR471W,3126
YGR282C,3127
YDL081C,3128
YDR064W,3129
YDR224C,3130
YLR388W,3131
YKL081W,3132
YNL302C,3133
YDR500C,3134
YLR150W,3135
YER177W,3136
YBL092W,3137
YJR145C,3138
YBL027W,3139
YLR333C,3140
YKL056C,3141
YPL143W,3142
YGL030W,3143
YML073C,3144
YBR181C,3145
YMR242C,3146
YLR325C,3147
YLL045C,3148
YDR050C,3149
YKL180W,3150
YGR034W,3151
YLR061W,3152
YOR096W,3153
YLR287C-A,3154
YPR102C,3155
YGL076C,3156
YBR010W,3157
YBR031W,3158
YGL103W,3159
YBL087C,3160
YDR447C,3161
YLR110C,3162
YPL079W,3163
YJL190C,3164
YCR031C,3165
YOL039W,3166
YOR063W,3167
YKR057W,3168
YOR182C,3169
YIL018W,3170
YLR029C,3171
YJL052W,3172
YFL039C,3173
YLR340W,3174
YDR418W,3175
YLR249W,3176
YBL072C,3177
YDL075W,3178
YHR203C,3179
YGR254W,3180
YOL086C,3181
YER117W,3182
YGR085C,3183
YPL131W,3184
YBR191W,3185
YGR118W,3186
YGR027C,3187
YMR116C,3188
YPL220W,3189
YHR021C,3190
YJR123W,3191
YGR148C,3192
YOR369C,3193
YOL040C,3194
YHL015W,3195
YJR009C,3196
YGL123W,3197
YLR075W,3198
YGL189C,3199
YER102W,3200
YAL038W,3201
YDR382W,3202
YCR012W,3203
YKL152C,3204
YDL184C,3205
YLR044C,3206
YKL060C,3207
YHR174W,3208
